xid_possession,xid_chance,xid_shot,team_nba_off,team_nba_def,player_nba_shooter,player_nba_passer,player_nba_closestDef,player_nba_blocker,frame_start,frame_end,period,gameClock_start,gameClock_end,gameClock_format_start,gameClock_format_end,shotClock,loc_x,loc_y,loc_x_passer,loc_y_passer,region,m_region,fga,fg,fga3,fg3,fouled,three,qSQ,distance,shotType,complexShotType,catchAndShoot,dribblesBefore,assisted,assistOpp,createdFromPaint,putback,blocked,contestLevel,rearViewContest,closestDefDist,releaseTime,shotAngle,shooterSpeed,shooterVelAngle,rimDepth,rimLeftRight,arcAngle,complexOutcome
beed54fb-877b-54b8-a41b-cbb4b3373edf,6c7bc848-5461-5062-b2cf-c249ba484477,26b9776e-10d8-5fda-b685-7f65685cdbd2,MIL,OKC,"Antetokounmpo, Giannis","Lopez, Brook","Joe, Isaiah",null,70828,70843,1,482.55,481.95,8:02,8:01,9.67,-1.19,19.17,-16.2,27.45,middle two,Mid,0,0,0,0,1,0,33.23385715,13.97077306,post,postRight,0,1,0,0,1,0,0,heavily_contested,0,1.842199772,2.84,4.886250317,4.801981651,159.5098025,null,null,null,null
654b817f-4305-54ab-9264-b3bf717782c7,39d4babf-7b81-5fcb-ad55-915b7863e878,99aa09ef-8473-5ff4-90fc-406c26efcfc7,OKC,MIL,"Williams, Kenrich","Wallace, Cason","Portis, Bobby",null,86959,86992,1,252.68,251.36,4:12,4:11,11.83,-1.16,31.76,8.63,24.02,middle three,ATB,1,0,1,0,0,1,59.39038396,26.53536697,jumper,catchAndShoot,1,0,0,1,0,0,0,heavily_contested,0,6.864663138,0.88,2.505497335,0.97628121,37.30007376,0.569123547,0.804582778,47.11203937,outside_rim_miss
00cc24cf-f4ad-5ae4-a4dc-3ed7b5bb6eab,225fcd13-6a7c-560b-b303-d3907c2b6403,6f1bb559-b4d6-5066-9ee4-4e0f8f6f8051,MIL,OKC,"Lopez, Brook","Antetokounmpo, Giannis","Mitchell, Ajay",null,124553,124586,2,402.82,401.5,6:42,6:41,16.49,-19.96,26.01,-0.27,26.85,right wing three,ATB,1,0,1,0,0,1,44.61310208,28.79894443,jumper,catchAndShoot,1,0,0,1,0,0,0,heavily_contested,0,5.4558684,0.84,43.87449097,0.566727938,-7.847117586,0.118138225,-0.291532739,45.16136011,inside_rim_miss
c00e78f9-ccc0-5352-ab22-eb2ec039aef8,27cfa344-22cc-5f21-baa6-4771e3cc4f91,3ed4c384-4a76-580a-b2db-46df4b266e31,OKC,MIL,"Gilgeous-Alexander, Shai","Caruso, Alex","Jackson Jr., Andre",null,142376,142404,2,134.08,132.96,2:14,2:12,14.48,6.19,29.5,0.44,41.56,middle three,ATB,1,0,1,0,0,1,50.5880937,25.02755681,jumper,overScreen,0,3,0,0,0,0,0,lightly_contested,1,2.326478025,3.4,-14.31941635,4.387877872,-8.593412047,1.294762518,-0.480035772,37.70550341,outside_rim_miss
7b7ced1f-ca76-531b-83a0-07f6066c4bf0,42d76d12-935e-53b5-9a58-ac52b3512662,5fcd60f9-eb60-55ce-8d2f-e6784abc25cd,MIL,OKC,"Antetokounmpo, Giannis","Prince, Taurean","Gilgeous-Alexander, Shai",null,137354,137355,2,255.56,255.52,4:15,4:15,12.26,0.42,7.52,-6.81,4.41,ra,RA,1,1,0,0,0,0,80.35312891,2.308527669,layup,lob,1,0,1,1,1,0,0,heavily_contested,0,2.305862095,0.24,-10.4824384,7.599570529,-0.581062136,null,null,null,null
385bcb8a-10d4-5e82-8fbe-ad1ea95fe6b5,097e860b-54f1-59f2-80d2-bd1368f588fb,cad064b6-57f0-5068-bf48-c206f9ea5700,OKC,MIL,"Williams, Jalen","Gilgeous-Alexander, Shai","Lopez, Brook",null,82983,82996,1,333.66,333.14,5:33,5:33,0.57,0.52,10.19,-15.84,22.36,key,NRA,1,0,0,0,0,0,41.24416113,4.967293025,layup,drivingLayup,0,2,0,0,1,0,0,heavily_contested,0,2.460995733,2.76,-6.009005958,9.709674442,-44.56319185,null,null,null,null
0b311851-806f-5cec-818d-d48554ae580a,b1975e23-0442-5bce-8357-8ebe5f1bc706,42a2e02c-f142-518b-9681-b153593126c3,MIL,OKC,"Lillard, Damian","Green, AJ","Dort, Luguentz",null,231297,231329,4,634.38,633.1,10:34,10:33,5.17,-15.18,27.34,-1.71,32.29,right wing three,ATB,1,0,1,0,0,1,48.31649065,26.80299424,jumper,catchAndShootOnMoveLeft,1,0,0,1,0,0,0,heavily_contested,0,6.030165835,0.8,34.49641251,2.441680887,92.17793716,1.067524153,0.68746061,43.80624138,outside_rim_miss
8f7231ee-1969-5c09-ab86-61b65630a4d4,d820fa47-47ee-5302-9f85-15d884863175,ace2e340-82b6-5a65-b008-467bad792b4c,MIL,OKC,"Antetokounmpo, Giannis","Connaughton, Pat","Hartenstein, Isaiah",null,100658,100690,1,20.83,19.57,0:20,0:19,1.85,16.86,15.54,15.2,31.21,left wing two,Mid,1,0,0,0,0,0,21.13780975,19.75205559,jumper,stepback,0,2,0,0,0,0,0,heavily_contested,0,4.896335364,2.64,-58.60343649,2.583333333,148.6034365,-0.455081864,-0.641060982,47.16676354,outside_rim_miss
3ed265dc-21c7-5b7a-9cf6-22b9df4bf7eb,861dd247-f118-5302-8b97-2a57f7a664d6,860e830e-4675-5aa3-b4c6-4496b25bdd4f,OKC,MIL,"Gilgeous-Alexander, Shai","Dort, Luguentz","Jackson Jr., Andre",null,182049,182080,3,607.64,606.4,10:07,10:06,18.1,-13.49,26.43,-8.91,84.24,right wing three,ATB,1,0,1,0,0,1,46.13252431,25.11120268,jumper,pullupJumper,0,5,0,0,0,0,0,lightly_contested,1,5.333488539,4.84,32.4939419,4.437842319,1.792935073,1.086778135,0.569635141,40.82063238,outside_rim_miss
1d2c1eaa-c69f-545e-ab89-3f4a0dafe660,b684b2ae-b89e-59e3-a4a2-2be957256e19,55cc6f6b-9e2a-5aac-8946-39d5fb0b6b2f,OKC,MIL,"Williams, Jalen","Gilgeous-Alexander, Shai","Trent Jr., Gary",null,258389,258409,4,265.71,264.91,4:25,4:24,15.3,4.94,11.68,-4.4,93.97,key,NRA,1,0,0,0,0,0,50.17867088,8.108544876,floater,drivingFloater,0,10,0,0,1,0,0,heavily_contested,1,3.045997374,9.36,-37.53412581,8.216894858,124.9183709,-0.107131001,-1.091257083,51.9347331,outside_rim_miss
f09be17f-186d-5488-be71-5709d8a13276,2a113caf-702d-5793-92a3-575534b1e0be,24eed174-e516-5fcd-812c-54a5b50626a3,MIL,OKC,"Portis, Bobby",null,"Wallace, Cason",null,121468,121473,2,459.75,459.55,7:39,7:39,13.01,-0.96,7.37,null,null,ra,RA,1,1,0,0,0,0,84.91861224,2.327230113,layup,tip,1,0,0,0,1,1,0,lightly_contested,0,2.80016071,0.2,24.36245302,0.693471541,-147.0976793,null,null,null,null
f09be17f-186d-5488-be71-5709d8a13276,e3f39df7-c766-5b42-8e2f-32d97b99a9f9,0a51ecec-e8a9-5ef7-8486-74862af57c10,MIL,OKC,"Portis, Bobby",null,"Williams, Jalen",null,121439,121452,2,460.91,460.39,7:40,7:40,14,-2.67,6.16,null,null,ra,RA,1,0,0,0,0,0,49.76632893,2.820815485,layup,standstillLayup,1,0,0,0,1,1,0,heavily_contested,0,2.441311123,1.32,71.17965937,2.29771928,14.66069834,null,null,null,null
f09be17f-186d-5488-be71-5709d8a13276,6a4e44ca-fecc-58fe-b55c-c2654b9c4cdd,f2f630d6-11dd-54b9-9d4b-5d62d0cc9bc2,MIL,OKC,"Trent Jr., Gary","Lopez, Brook","Williams, Kenrich",null,121359,121393,2,464.11,462.75,7:44,7:42,11.79,22.86,7.26,14.39,28.63,left corner three,Corner,1,0,1,0,0,1,53.03477347,22.94819601,jumper,shakeAndRaise,0,1,0,1,0,0,0,heavily_contested,0,4.335550715,1.36,-84.9751048,1.293681225,-80.09347802,-0.439558109,-0.005539173,50.74143537,inside_rim_miss
9b7bdc19-930a-52dd-9b60-4ad0be11f450,5c4ed344-a252-5fcb-ade5-b17a99e1b7e3,cc9ed414-1d95-5ddf-97ab-787c4b222874,OKC,MIL,"Dort, Luguentz","Hartenstein, Isaiah","Antetokounmpo, Giannis",null,65738,65772,1,600.95,599.59,10:00,9:59,13.57,-23.36,9.76,-2.5,17.09,right corner three,Corner,1,0,1,0,0,1,71.83696926,23.79137869,jumper,catchAndShoot,1,0,0,1,1,0,0,lightly_contested,0,10.50864882,1.12,79.07263196,0.041666667,10.92736804,0.947065671,-0.331583557,50.18456996,outside_rim_miss
0f6f908a-d213-5f20-ae33-90465fc08d2e,6724f410-a2f1-5148-bcb3-817cb07b2a8a,b89b1d77-eb79-5492-aec4-183e7c5e5c0c,MIL,OKC,"Trent Jr., Gary","Portis, Bobby","Williams, Jalen",null,229588,229621,4,689.03,687.71,11:29,11:27,7.38,12.97,28.3,13.11,13.54,left wing three,ATB,1,1,1,1,0,1,57.62992948,26.44850468,jumper,catchAndShoot,1,0,1,1,0,0,0,heavily_contested,0,4.63492179,0.72,-29.36601401,1.989992323,9.792888179,0.324088411,-0.171800839,45.89578735,normal_make
d124979c-d5da-55c1-bc5b-710eccd4e682,1f1b0e2b-6d89-56fc-aee3-13ce88fe0174,f0df6310-2b95-5994-a5ab-fea18757b7ed,OKC,MIL,"Joe, Isaiah","Hartenstein, Isaiah","Connaughton, Pat",null,139129,139164,2,211.82,210.42,3:31,3:30,17.07,-11.04,27.93,1.46,33.85,right wing three,ATB,1,0,1,0,0,1,56.83732331,25.22427402,jumper,pullupJumper,0,1,0,1,0,0,0,lightly_contested,1,3.909782603,1.64,25.9555446,1.041666667,-42.21574931,1.517944011,0.260505352,49.85120647,outside_rim_miss
4ccdd27f-5ff4-5b41-844d-235793afd39f,3b286936-fe21-56e1-9a89-67136c09a23d,2ebea9ed-0a5f-5259-b124-29a42b7f8cdc,OKC,MIL,"Joe, Isaiah","Hartenstein, Isaiah","Lillard, Damian",null,63079,63111,1,707.3,706.02,11:47,11:46,13.44,22,17.47,15.73,24.3,left wing three,ATB,1,0,1,0,0,1,59.2476368,25.16601677,jumper,overScreen,1,0,0,1,0,0,0,uncontested,0,6.782042465,1.08,-60.94981858,3.296673408,81.67537744,-0.509611612,-0.878677243,47.17897212,outside_rim_miss
193bb956-12a1-5ffb-bd80-b9451b0a5c1b,cb46f0fd-9439-55b9-b16b-91073ac3a04e,1885e424-a0c0-5aa4-ae84-5be5a0f04fce,OKC,MIL,"Williams, Kenrich","Caruso, Alex","Antetokounmpo, Giannis",null,216200,216217,3,158.47,157.79,2:38,2:37,13.42,-3.02,6.26,1.13,5.92,ra,RA,1,0,0,0,0,0,57.48583674,3.184415174,layup,standstillLayup,1,0,0,1,1,0,0,heavily_contested,0,2.516445906,0.68,71.5081537,2.8003596,65.30058562,null,null,null,null
193bb956-12a1-5ffb-bd80-b9451b0a5c1b,fb0b20cd-f5c4-59e8-91dc-649eacb03866,75c57ff0-64a9-5d4b-88c6-f166e897fa39,OKC,MIL,"Gilgeous-Alexander, Shai","Wallace, Cason","Connaughton, Pat",null,216103,216129,3,162.35,161.31,2:42,2:41,11.02,11.73,20.86,-3.76,50.76,left wing two,Mid,1,0,0,0,0,0,44.49704289,19.5260083,jumper,stepback,0,10,0,0,0,0,0,heavily_contested,0,2.925645228,7.8,-36.92271562,1.67497927,121.2121225,-0.503623257,-0.231760768,42.95597092,outside_rim_miss
f2975aa1-0ae0-5cd9-aa2d-da9a3aaf200c,3178b4ec-c432-5c77-aefd-2fe0b6423121,e5233312-9dfb-5248-bb1f-95c3451c611d,OKC,MIL,"Hartenstein, Isaiah",null,"Antetokounmpo, Giannis","Antetokounmpo, Giannis",259392,259393,4,238.06,238.02,3:58,3:58,13.56,4.12,5.59,null,null,key,NRA,1,0,0,0,0,0,23.96231443,4.134005322,layup,standstillLayup,1,0,0,0,1,1,1,heavily_contested,0,2.386063704,1.44,-85.2823975,1.900749121,-158.7142567,null,null,null,null
f2975aa1-0ae0-5cd9-aa2d-da9a3aaf200c,3d0de4d3-8aff-59a9-ad44-dd3e33536fbe,3b86f5e7-09c7-5337-b0d1-98302a999169,OKC,MIL,"Hartenstein, Isaiah","Caruso, Alex","Lillard, Damian",null,259325,259333,4,240.74,240.42,4:00,4:00,12.19,2.55,5.19,-2.98,10.06,ra,RA,1,0,0,0,0,0,85.22409201,2.550705785,layup,lob,1,0,0,1,1,0,0,uncontested,0,5.876937978,0.68,-91.34788728,2.81766501,-37.04727722,null,null,null,null
fb7fdad6-8c56-5c26-b60c-28c48c2dd23c,03a8b04f-950b-59f8-98b5-0f0a327eafcb,832db6c7-5ded-54d6-adaf-3f90133789c2,OKC,MIL,"Hartenstein, Isaiah",null,"Jackson Jr., Andre",null,134447,134451,2,269.22,269.06,4:29,4:29,11.47,-0.76,6.61,null,null,ra,RA,0,0,0,0,1,0,85.10583639,1.557947368,layup,tip,1,0,0,0,1,1,0,lightly_contested,0,2.952371928,0.2,29.19748605,7.633988327,-65.3168269,null,null,null,null
fb7fdad6-8c56-5c26-b60c-28c48c2dd23c,a252f81e-6d0a-5d50-a0cd-b298c82aa535,381da22d-dd61-53f9-95e8-e6f67c24afc2,OKC,MIL,"Gilgeous-Alexander, Shai","Mitchell, Ajay","Antetokounmpo, Giannis",null,134419,134431,2,270.34,269.86,4:30,4:29,12.59,-1.09,7.79,23.53,6.07,ra,RA,1,0,0,0,0,0,65.25291204,2.764000724,layup,drivingLayup,0,2,0,0,1,0,0,heavily_contested,0,1.657467948,3.72,23.22580941,10.7481426,-103.1792293,null,null,null,null
d55d9e34-6ea5-5b7c-b369-2e2520a82212,cd6a368f-7733-5e51-92ab-ccd6138eb5f9,c3321aa3-ab15-54e7-88b2-ee4bf923a564,MIL,OKC,"Portis, Bobby","Green, AJ","Williams, Kenrich",null,210444,210476,3,259,257.72,4:19,4:17,7.12,22.81,4.41,21.54,22.7,left corner three,Corner,1,0,1,0,0,1,52.47123241,22.82546166,jumper,catchAndShoot,1,0,0,1,0,0,0,heavily_contested,0,5.040168648,1,-92.10901868,1.149426185,-131.4221806,-0.577351993,-0.259688733,45.98857841,outside_rim_miss
96b008fe-1dbf-586c-97cc-3491819dabcd,8a437c25-5227-59dd-8d3d-3496027c0773,71470850-a4ef-54b5-8480-e5f908b7b7a8,MIL,OKC,"Lillard, Damian","Jackson Jr., Andre","Hartenstein, Isaiah",null,79428,79439,1,427.87,427.42,7:07,7:07,16.65,0.17,10.18,-9.36,27.84,key,NRA,1,1,0,0,0,0,73.34082723,4.932930164,layup,drivingLayup,0,2,1,0,1,0,0,lightly_contested,0,4.507083314,3.48,-1.974934011,7.715087131,-72.03716581,null,null,null,null
7a1e2a33-9778-5b06-b65f-e0fdc9a8bef5,b6f5d24a-69b5-545a-914c-8f83b549c452,10b0f732-fc1e-514a-bd5f-4ef23c4b58b5,MIL,OKC,"Trent Jr., Gary","Antetokounmpo, Giannis","Wallace, Cason",null,98303,98332,1,67.39,66.23,1:07,1:06,11.22,21.99,2.99,1.52,13.32,left corner two,Mid,1,1,0,0,0,0,42.22599864,22.10582955,jumper,catchAndShoot,1,0,1,1,1,0,0,lightly_contested,0,9.163863814,0.92,-95.73580469,0.515388203,81.69956122,0.313809087,-0.492259709,44.97906646,normal_make
c81b79f4-742a-51c7-aa07-3b7afd37f779,42300434-7a38-5213-8ded-c8d5128205f1,ecb4cbf3-5a57-5519-89f0-1edd1c2c33d9,MIL,OKC,"Antetokounmpo, Giannis","Lopez, Brook","Caruso, Alex",null,141322,141329,2,176.24,175.96,2:56,2:55,11.28,-1.36,5.64,-5.61,20.69,ra,RA,1,1,0,0,0,0,67.20389128,1.414814476,layup,lob,1,0,1,1,1,0,0,heavily_contested,0,3.115204648,0.16,73.99897715,5.772450135,-6.491589045,null,null,null,null
6c46614d-2032-5ad0-8510-f13dcc91910f,6a715781-596d-5b4d-94c0-a05c77627d33,2e54e004-02cb-5940-9033-6e12da06a722,MIL,OKC,"Antetokounmpo, Giannis","Lopez, Brook","Gilgeous-Alexander, Shai",null,194420,194433,3,486.44,485.92,8:06,8:05,1.64,2.22,9.86,-1.76,12.59,key,NRA,0,0,0,0,1,0,12.37163469,5.116688382,layup,drivingLayup,0,1,0,0,1,0,0,heavily_contested,0,0.770064932,5.56,-25.71369054,13.6805062,95.95421981,null,null,null,null
c4fb0e9f-88d4-5cf0-9998-dcc52c04203e,0768d30d-dfef-5760-aff1-dfbe16d819fb,d190db25-d43b-50d6-a2c8-19d2253c0e30,OKC,MIL,"Gilgeous-Alexander, Shai","Wallace, Cason","Lillard, Damian",null,206150,206179,3,339.84,338.68,5:39,5:38,12.98,23.14,4.24,5.82,4.33,left corner three,Corner,1,1,1,1,0,1,59.24118161,23.16203143,jumper,catchAndShoot,1,0,1,1,1,0,0,heavily_contested,0,3.924856685,1.28,-92.49922346,1.125771341,41.4902175,-0.025596831,-0.399709762,41.15145977,swish
c4fb0e9f-88d4-5cf0-9998-dcc52c04203e,9715a8c0-1c4b-5a99-a175-936da6b368da,a67c52ad-f268-50c0-a2f6-e92372bef56a,OKC,MIL,"Gilgeous-Alexander, Shai","Wallace, Cason","Lillard, Damian",null,206054,206074,3,343.68,342.88,5:43,5:42,12.94,11.29,4.47,-6,40.37,left corner two,Mid,1,0,0,0,0,0,48.30655456,11.31691212,jumper,pullupJumper,0,5,0,0,1,0,0,lightly_contested,0,5.136389783,5.4,-93.95215292,5.838390665,141.2658754,0.775516032,-0.321890076,43.0275286,outside_rim_miss
b0ac570e-b87d-5df5-9d8f-140a5258cdf0,0d9ec137-e4ae-5a20-93b3-7b5e4d43d07a,b4948da6-ca93-501e-9ced-709e824ded20,MIL,OKC,"Lillard, Damian","Trent Jr., Gary","Hartenstein, Isaiah",null,251094,251124,4,342.27,341.07,5:42,5:41,2.39,-11.97,29.17,-23.11,5.92,right wing three,ATB,1,1,1,1,0,1,38.39999288,26.74784664,jumper,pullupJumper,0,2,1,0,0,0,0,uncontested,0,7.50416551,1.4,26.58421044,2.29771928,59.25614727,0.216924801,-0.022351894,40.65709061,swish
98631828-c9f2-5188-9ab4-958f13a42aac,c51ee67c-57b2-5049-9936-8fe88e30b013,f2575a11-007c-5576-8842-d63394c50308,OKC,MIL,"Williams, Jalen","Dort, Luguentz","Green, AJ",null,260926,260951,4,193.75,192.75,3:13,3:12,17.49,-13.14,17.71,13.09,87.88,right wing two,Mid,1,1,0,0,0,0,40.97594619,18.10831853,jumper,pullupJumper,0,6,0,0,0,0,0,heavily_contested,0,4.382111363,6.08,46.52156136,2.038262468,-87.37693762,0.198056968,-0.185875682,41.94986804,swish
3b0887bc-05a0-5119-a28b-763053c1737f,57058357-4726-5fda-9258-63e57e0eb9bd,5d5e4356-62f5-536e-b1e6-a53125340828,OKC,MIL,"Williams, Jalen","Mitchell, Ajay","Portis, Bobby",null,237545,237569,4,589.33,588.37,9:49,9:48,11.87,10.6,7.86,-6.5,39.17,left corner two,Mid,1,0,0,0,0,0,22.80314565,10.91659746,jumper,pullupJumper,0,5,0,0,0,0,0,heavily_contested,0,2.954352721,4.68,-76.16742874,5.745318142,121.4612507,-0.169136674,-0.794990961,44.65256841,outside_rim_miss
2352e7e6-ce4e-59cb-969c-08e6bc9d83df,7204bc47-708c-55ba-bb1c-646e3e2972bc,0ac355a2-15c6-5cec-a1f2-f22bfb5d34fa,OKC,MIL,"Gilgeous-Alexander, Shai","Caruso, Alex","Connaughton, Pat",null,247691,247724,4,427.83,426.5,7:07,7:06,14.61,23.23,15,6.73,30.57,left wing three,ATB,1,0,1,0,0,1,55.21479249,25.19316177,jumper,catchAndShoot,1,0,0,1,0,0,0,heavily_contested,0,6.248463811,0.88,-67.23143332,0.751156516,33.5413658,0.136145097,-1.200253175,46.65390104,outside_rim_miss
1cf6f1a7-f72a-5943-840a-1e78c1c9dfbc,4002e17a-0f5c-54c7-9c8d-99d955328137,f36f5352-3379-5885-b221-624a5e0a64ed,OKC,MIL,"Williams, Jalen","Dort, Luguentz","Lillard, Damian",null,119916,119946,2,506,504.8,8:26,8:24,14,1.94,31.38,2.97,6.89,middle three,ATB,1,0,1,0,0,1,54.43665683,26.20191787,jumper,shakeAndRaise,1,0,0,1,1,0,0,lightly_contested,0,6.707406354,1.84,-4.24608692,1.380041264,33.13266869,0.340273519,-0.940870192,39.57274696,outside_rim_miss
1cf6f1a7-f72a-5943-840a-1e78c1c9dfbc,91e53651-b8e8-5849-b01b-fec525274cb6,52ed51d0-a766-553d-a43e-23b011e95458,OKC,MIL,"Mitchell, Ajay","Williams, Jalen","Trent Jr., Gary",null,119802,119834,2,510.56,509.28,8:30,8:29,9.14,-12.29,27.91,1.98,16.56,right wing three,ATB,1,0,1,0,0,1,64.00727481,25.77827962,jumper,catchAndShoot,1,0,0,1,1,0,0,lightly_contested,0,9.952170618,1.04,28.47387246,2.124591464,-17.16393999,-0.395725034,-0.05327618,44.55664976,outside_rim_miss
1cf6f1a7-f72a-5943-840a-1e78c1c9dfbc,a1cc788b-8761-508b-accf-290ad3302ef3,726246bc-1039-579f-ae4c-30b3d72b22dc,OKC,MIL,"Williams, Jalen",null,"Green, AJ",null,118693,118714,2,517.19,516.35,8:37,8:36,17.43,-8.93,8.18,null,null,right corner two,Mid,1,0,0,0,0,0,48.43067229,9.39839348,floater,drivingFloater,0,7,0,0,1,0,0,heavily_contested,0,4.433260651,7.08,71.83494855,3.416920722,-87.39645887,null,null,null,null
a4f3a3a0-39f3-5a46-be42-353f56ad475d,2ec66e93-f2de-51e9-b6b5-2363703769f2,0d13eebb-f261-520d-a09b-4a29c0956982,MIL,OKC,"Prince, Taurean","Lillard, Damian","Williams, Jalen",null,181842,181874,3,615.92,614.64,10:15,10:14,16.48,-22.97,9.45,0.36,10.14,right corner three,Corner,1,0,1,0,0,1,65.05394429,23.35082226,jumper,catchAndShoot,1,0,0,1,1,0,0,lightly_contested,0,6.007503641,0.72,79.6380926,0.501733107,105.1255491,0.796660012,0.708202552,46.25629426,outside_rim_miss
c917318f-13d1-5b9e-8777-d3a4d3e5a821,4788bf4e-2830-5de2-9dfb-06a66f24580a,4837946b-53ca-53f9-8543-461423bfff37,MIL,OKC,"Portis, Bobby","Antetokounmpo, Giannis","Williams, Kenrich",null,86506,86536,1,270.8,269.6,4:30,4:29,17.58,17.32,24.82,-13.66,31.47,left wing three,ATB,1,1,1,1,0,1,46.42879665,26.13364307,jumper,catchAndShootRelocating,1,0,1,1,0,0,0,lightly_contested,0,6.306568005,1.08,-41.50973156,1.02486449,14.94468038,0.232682761,-0.505456951,41.16461689,normal_make
b77e9835-ed90-58bf-8da2-3446ccae7a97,64ef177c-5c07-50aa-8c60-8462906dec8b,a09f5fdc-9ece-5f03-8165-e5b5468d4397,MIL,OKC,"Antetokounmpo, Giannis","Prince, Taurean","Williams, Jalen",null,131747,131770,2,363.21,362.29,6:03,6:02,11.92,-5.4,20.75,10.18,34.06,middle two,Mid,1,1,0,0,0,0,41.7781204,16.41371378,jumper,stepback,0,1,1,0,1,0,0,heavily_contested,0,4.63492179,4.08,19.20767742,3.377056986,170.0222088,0.324984979,-0.048524443,41.9625725,swish
8f959b26-1f58-52eb-bacd-ad6c56a85113,d1f6d742-0393-5dea-b502-5dff973ba076,4279adb8-e616-577a-a701-723d3d98a42e,MIL,OKC,"Antetokounmpo, Giannis","Portis, Bobby","Wallace, Cason",null,214468,214474,3,175.74,175.5,2:55,2:55,4.06,4.89,5,23.96,14.63,key,NRA,1,1,0,0,1,0,68.54213476,4.896386423,layup,drivingLayup,0,1,1,0,1,0,0,lightly_contested,0,2.0902153,3.76,-92.92668399,6.843107847,-6.535638215,null,null,null,null
2b8157e8-d5fe-57c0-ae44-d0095e124f7e,4bd43ae0-5fde-522b-9358-1c4dd14e13fc,1a952a17-f788-5e61-bcbc-0cde8982d997,MIL,OKC,"Prince, Taurean","Antetokounmpo, Giannis","Gilgeous-Alexander, Shai",null,179057,179090,3,705.54,704.22,11:45,11:44,9.54,21.03,19.29,-5.61,20.16,left wing three,ATB,1,1,1,1,0,1,63.63582909,25.28601392,jumper,catchAndShoot,1,0,1,1,0,0,0,heavily_contested,0,4.952352976,0.72,-56.27222548,0.300462606,22.58215796,0.193738432,0.342446838,46.93080768,swish
12da8291-0493-57f5-8532-c96966d93a9f,74c79188-7a78-595a-bf6b-22948d065c03,e9d5d586-eb52-53da-9de0-920964beb36c,MIL,OKC,"Antetokounmpo, Giannis",null,"Gilgeous-Alexander, Shai",null,205673,205689,3,358.93,358.29,5:58,5:58,13.08,3.66,6.9,null,null,key,NRA,1,1,0,0,0,0,33.57987106,4.014735359,layup,standstillLayup,0,2,0,0,1,1,0,heavily_contested,0,1.945507646,1.8,-65.73321157,2.518335539,104.6891194,null,null,null,null
12da8291-0493-57f5-8532-c96966d93a9f,14fa3233-dfe2-5913-84f8-21c6db3c1e55,37c4ec12-7c82-5474-a0cb-9500ddfd7ece,MIL,OKC,"Prince, Taurean","Lopez, Brook","Wallace, Cason",null,205588,205607,3,362.33,361.57,6:02,6:01,11.66,-8.84,8.58,4.26,18.91,right corner two,Mid,1,0,0,0,0,0,54.3174088,9.446401431,floater,drivingFloater,0,2,0,0,0,0,0,heavily_contested,1,2.841548873,1.8,69.35876721,4.863590638,-6.362857917,null,null,null,null
12da8291-0493-57f5-8532-c96966d93a9f,82ebc31e-a795-5b76-980d-7ca0502fc853,a3c3f059-82f5-573d-a188-65f7a14bbc5b,MIL,OKC,"Jackson Jr., Andre","Lillard, Damian","Williams, Kenrich",null,205383,205414,3,370.53,369.29,6:10,6:09,6.88,22.76,5.03,3.1,11.5,left corner three,Corner,1,0,1,0,0,1,56.00821674,22.76106324,jumper,catchAndShootRelocating,1,0,0,1,1,0,0,uncontested,0,9.994423445,0.84,-90.55380839,1.178511302,-171.3160893,-0.508043632,0.108854904,48.27691704,outside_rim_miss
f68e3fc7-2278-5abd-8c31-0a6be4a60776,95c62b88-8775-53f6-8c93-16a4f6d4cada,794ae7cc-5d60-5dc7-b3a5-e6e85915efce,OKC,MIL,"Wallace, Cason","Williams, Kenrich","Antetokounmpo, Giannis",null,213170,213181,3,227.65,227.21,3:47,3:47,11.03,-0.26,10.01,-5.39,2.96,key,NRA,1,1,0,0,0,0,45.25742233,4.767095552,layup,cutLayup,1,0,1,1,1,0,0,heavily_contested,0,3.010149498,1.28,3.126494525,4.045101633,-28.10773413,null,null,null,null
d92742d9-a239-5606-8c2e-afcc3b736a9d,1f43de42-8bee-5056-bce9-7c1f82ae6e6b,ef84b9da-59ea-5df0-b817-e00dbc9e4800,OKC,MIL,"Wiggins, Aaron","Jones, Dillon","Connaughton, Pat",null,269182,269211,4,84.81,83.65,1:24,1:23,8.77,2.37,21.41,26.08,23.14,middle two,Mid,1,0,0,0,0,0,52.36789584,16.33286564,jumper,stepback,0,4,0,0,1,0,0,lightly_contested,0,5.361343115,5.28,-8.343428801,4.837641758,-160.7337665,-0.551514638,-0.313549065,53.73349073,outside_rim_miss
d92742d9-a239-5606-8c2e-afcc3b736a9d,3dcbae38-6960-5ec2-8802-9b4d21c475da,476dceb6-8db6-54f8-8fb0-0d52cab431bc,OKC,MIL,"Mitchell, Ajay","Jones, Dillon","Smith, Tyler",null,267842,267843,4,92.73,92.7,1:32,1:32,9.49,-0.49,4.95,25.28,23.75,ra,RA,0,0,0,0,1,0,48.0831176,0.574543297,layup,drivingLayup,0,5,0,0,1,0,0,heavily_contested,0,4.200761836,4.56,121.4768393,14.34356466,-106.1487324,null,null,null,null
d47c7cf7-94a2-5c19-930a-eddbf9478390,75597333-f9a3-5ffd-a97b-f0a6032d0783,20bf41b1-036e-5144-bf88-91a7b24b7fc1,OKC,MIL,"Dort, Luguentz",null,"Lopez, Brook",null,83562,83587,1,310.49,309.49,5:10,5:09,14.48,3.4,16.58,null,null,key,NRA,1,1,0,0,0,0,50.21594167,11.82915466,jumper,pullupJumper,0,10,0,0,1,0,0,lightly_contested,0,5.87081766,10.04,-16.70388357,6.387922632,-178.4201237,0.124219781,-0.111528915,55.82654342,swish
7c236692-2434-5e16-a36f-26b96f8a5e6f,03485504-0185-504a-96b0-5358259f123e,4ee3cbab-e2fc-590c-b1b1-95a03a300b9e,MIL,OKC,"Jackson Jr., Andre","Connaughton, Pat","Gilgeous-Alexander, Shai",null,138896,138932,2,221.14,219.7,3:41,3:39,11.86,-22.54,18.28,-6.3,32.38,right wing three,ATB,1,0,1,0,0,1,45.72307616,26.03521653,jumper,catchAndShoot,1,0,0,1,0,0,0,lightly_contested,0,7.734604062,0.8,59.96850571,0.377307714,36.37168603,-0.129049214,0.385064977,52.78998959,inside_rim_miss
558ec43d-f9f5-5aa4-b359-ef177617bf20,fa501179-7e42-5523-a257-04f7d6f176fd,27bb3c92-b91a-51b3-b8e1-bb517b543816,MIL,OKC,"Antetokounmpo, Giannis","Lopez, Brook","Gilgeous-Alexander, Shai",null,206860,206876,3,311.44,310.8,5:11,5:10,1.26,-11.27,7.38,-25.13,19.03,right corner two,Mid,1,0,0,0,0,0,38.17097247,11.46951612,jumper,pullupJumper,0,4,0,0,0,0,0,uncontested,0,5.295073182,4.92,79.29748976,3.783415932,-42.80619308,null,null,null,null
4319361c-d707-5678-ba30-8878a7cf0163,4ae19296-d365-5f6f-b854-0ad056037f23,68527528-9b7e-5774-91c9-a31b164a5e35,MIL,OKC,"Lillard, Damian","Lopez, Brook","Dort, Luguentz",null,84101,84108,1,288.92,288.64,4:48,4:48,6.6,-4.27,9.98,3.91,31.34,key,NRA,0,0,0,0,1,0,30.32429814,6.372268042,layup,drivingLayup,0,4,0,0,1,0,0,heavily_contested,0,2.99347624,7.64,42.0740951,8.771798245,-117.7738177,null,null,null,null
131897ff-efd1-532d-871b-c960eaa4a6c7,bb71e0a2-185b-5ef5-8c60-56d9907a9183,688f9237-6617-5bf6-9474-3c2cd772ad6c,OKC,MIL,"Hartenstein, Isaiah",null,"Portis, Bobby",null,112805,112814,2,662.88,662.52,11:02,11:02,14,3.26,5.44,null,null,ra,RA,1,1,0,0,0,0,48.12605977,3.265532116,layup,standstillLayup,1,0,0,0,1,1,0,heavily_contested,0,2.496157046,1.16,-86.66444876,3.883056142,82.97306278,null,null,null,null
131897ff-efd1-532d-871b-c960eaa4a6c7,4f9bb848-3e81-56d6-930f-048e46adf67e,b5f52fcb-cb95-5a2c-a58c-a7000b7263c1,OKC,MIL,"Mitchell, Ajay","Joe, Isaiah","Green, AJ",null,112738,112772,2,665.56,664.2,11:05,11:04,13.53,22.88,5.38,6.02,3.29,left corner three,Corner,1,0,1,0,0,1,65.55566937,22.88036932,jumper,catchAndShoot,1,0,0,1,1,0,0,lightly_contested,0,10.28930513,0.68,-89.6744593,0.372677996,26.23951048,-1.018898719,0.382104823,46.68248407,outside_rim_miss
5e1652e3-52b3-5fcb-9cca-2b6255ec63ef,d2c8dac1-2f66-5029-ade0-eb26cde8dd77,fb0105f1-5cdf-5bc1-853d-a93fd16d0a37,MIL,OKC,"Lillard, Damian","Jackson Jr., Andre","Dort, Luguentz",null,72943,72976,1,470.67,469.35,7:50,7:49,19.84,-9.94,32.52,5.42,20.77,middle three,ATB,1,0,1,0,0,1,54.1346848,29.02510121,jumper,catchAndShootRelocating,1,0,0,1,0,0,0,lightly_contested,0,6.313770664,0.68,20.02695575,1.577291103,-7.826487027,0.694199662,-1.019614258,40.86276618,outside_rim_miss
51b288dd-38c3-5cd1-bcd8-9fe6bea73404,5831137f-6f67-540b-b32a-6b26678019a6,2765d478-698e-580f-ae5c-6d2cf53855ec,OKC,MIL,"Gilgeous-Alexander, Shai","Wallace, Cason","Trent Jr., Gary",null,97883,97915,1,84.19,82.91,1:24,1:22,16.64,9.73,28.34,-15.73,69.34,middle three,ATB,1,1,1,1,0,1,59.87925231,25.05635648,jumper,stepback,0,6,0,0,0,0,0,lightly_contested,0,7.200347214,6.12,-22.85029219,1.609973257,33.28776754,0.49731874,-0.235676024,43.17659789,normal_make
48dcc906-3387-5777-9bfe-ed3c42819507,4ecf6fee-15f3-50fd-96c2-66fbe0540397,11975ea7-9a21-5cd6-8dab-f589d0d35599,MIL,OKC,"Trent Jr., Gary","Green, AJ","Wallace, Cason",null,221577,221609,3,54.47,53.19,0:54,0:53,15.37,21.17,18.14,-17.04,9.56,left wing three,ATB,1,1,1,1,0,1,58.30166191,24.78549979,jumper,catchAndShoot,1,0,1,1,0,0,0,heavily_contested,0,6.705796001,0.72,-58.66358035,1.144127518,25.55223839,0.346825701,-0.313490667,45.49544576,normal_make
27d003ee-5085-501d-b075-4c6808efd7cb,836d7c36-bb73-57ac-94f4-2cdc8a596785,81a1f8bd-5ba2-58dc-bf18-1ee4ccdd5a5b,OKC,MIL,"Hartenstein, Isaiah","Wallace, Cason","Antetokounmpo, Giannis",null,98868,98891,1,44.79,43.86,0:44,0:43,5.75,-2.4,16.37,-14.32,13.97,key,NRA,0,0,0,0,1,0,40.89320898,11.37604501,floater,cutFloater,1,0,0,1,1,0,0,heavily_contested,0,2.428353352,0.76,12.17918105,5.309353643,-43.37427864,null,null,null,null
71b8722d-8143-5881-bbb8-62faa7a49676,1eae3314-a123-56a4-8538-11494ad9b8b3,38080272-75be-5c62-bb1e-1d8689c29e99,OKC,MIL,"Joe, Isaiah","Gilgeous-Alexander, Shai","Lopez, Brook",null,245534,245568,4,495.63,494.27,8:15,8:14,16.21,1.63,31.27,-21.25,20.56,middle three,ATB,1,0,1,0,0,1,56.49588704,26.07100497,jumper,catchAndShootRelocating,1,0,0,1,0,0,0,lightly_contested,0,8.868923272,1.16,-3.584559633,0.766032346,161.2044246,0.562789277,0.463264001,48.08303224,outside_rim_miss
011c104b-39ed-5422-9123-fcc5da99fc19,74beb8e4-296b-5096-83a6-bbc5fe1f1e16,ac5e5de9-cbc3-56d5-b424-1ba56fdba25e,MIL,OKC,"Antetokounmpo, Giannis","Prince, Taurean","Hartenstein, Isaiah",null,139507,139537,2,196.7,195.5,3:16,3:15,11.78,-8.86,23.5,16.56,44.03,right wing two,Mid,1,0,0,0,0,0,37.46044636,20.28699337,jumper,stepback,0,7,0,0,0,0,0,heavily_contested,0,5.6171256,7.4,25.89562037,1.343709625,161.229396,0.817424205,0.250151785,41.4743301,inside_rim_miss
8efed831-7fc1-5d05-9db8-b75eff403937,7b43a6ca-abbd-5ed7-b4b3-ae05fefaf77b,7879f9b1-9d88-53a7-b6fa-280bec13870c,MIL,OKC,"Antetokounmpo, Giannis","Portis, Bobby","Hartenstein, Isaiah",null,217286,217303,3,115.03,114.35,1:55,1:54,8.76,-7.47,16.86,-2.05,87.58,key,NRA,0,0,0,0,1,0,8.817435056,13.80554237,layup,drivingLayup,0,14,0,0,1,0,0,heavily_contested,0,2.096687864,14.88,32.7576688,16.43257478,-15.19564346,null,null,null,null
8aa94640-f0a8-58a5-815f-f07a8649b7cd,b6f68d0c-6eb8-52b0-b35d-6612fc22d4a5,c1afcec5-927c-5a40-a218-86afdeb573f2,OKC,MIL,"Jones, Dillon","Carlson, Branden","Trent Jr., Gary",null,265220,265247,4,148.03,146.95,2:28,2:26,8.63,-8.84,19.35,-10.6,10.23,right wing two,Mid,1,0,0,0,0,0,42.90040433,16.64198305,jumper,stepback,0,3,0,0,0,0,0,uncontested,0,5.693373341,3.56,32.08567024,3.308501255,111.6217,-0.001142715,-0.433598211,51.77749938,inside_rim_miss
2d3ee48c-2a49-5532-90b5-ed6476c985e4,bfebc241-a31f-5ab5-a148-bd9f6b8b3871,4b89a3c8-4a18-58c7-ada4-7b6a0a73367e,OKC,MIL,"Hartenstein, Isaiah","Joe, Isaiah","Lopez, Brook",null,181599,181626,3,625.64,624.56,10:25,10:24,4.72,-3.94,19,7.56,20.24,middle two,Mid,1,0,0,0,0,0,43.0249095,14.30335975,jumper,catchAndShootRelocating,1,0,0,1,1,0,0,heavily_contested,0,4.928458177,0.72,15.98941455,1.560137102,-50.10388749,-0.261064796,-0.695303213,53.90241579,outside_rim_miss
ed5c6164-5229-593b-a53e-d3df22dcef70,77c3a804-c2b5-574b-8765-0bea934c12ac,19073a0a-4230-51c1-82cd-9298fc649aae,OKC,MIL,"Gilgeous-Alexander, Shai",null,"Connaughton, Pat",null,213919,213942,3,197.69,196.77,3:17,3:16,17.02,13.32,3.48,null,null,left corner two,Mid,1,0,0,0,0,0,41.80856347,13.43708674,jumper,stepback,0,9,0,0,0,0,0,heavily_contested,0,4.461793361,8.04,-97.56928377,4.921078529,143.5984386,-0.378597845,0.37775284,46.38337254,outside_rim_miss
af749775-5572-5a97-b530-0727d5f793be,4240c314-65be-56b8-bcaf-3783f9b22a8e,3533947a-66d0-5117-b09a-6dbbce310502,MIL,OKC,"Connaughton, Pat","Green, AJ","Caruso, Alex",null,248295,248329,4,403.66,402.3,6:43,6:42,2.88,-22.41,17.18,-4.6,30.44,right wing three,ATB,1,0,1,0,0,1,40.13351351,25.38765448,jumper,catchAndShootRelocating,1,0,0,1,0,0,0,heavily_contested,0,4.547933597,0.8,61.97132224,2.24381867,96.22726827,0.925755845,0.367616619,48.26242571,outside_rim_miss
9b5ce797-8e6e-5dca-8a3d-f83aae2eb01c,22ac6ee2-5e3f-5f5b-85b1-5f97df856807,cd32f67d-9dde-5dd6-afdb-2ef44a59b893,OKC,MIL,"Williams, Jalen","Joe, Isaiah","Trent Jr., Gary",null,230424,230454,4,655.59,654.39,10:55,10:54,15.24,-8.64,23.4,0.03,76.06,right wing two,Mid,1,0,0,0,0,0,45.53276896,20.10154472,jumper,overScreen,0,9,0,0,0,0,0,heavily_contested,0,5.674927312,7.08,25.45599238,0.764898323,-54.81374592,1.018665133,0.868119482,42.52404657,outside_rim_miss
5e9c340f-2c15-5218-b7b5-92f8ab76daa0,0a0fe266-21f9-59c1-aa14-34dfb97b61ae,de6f2d32-971d-5ad5-b8da-08c4c824f6e6,MIL,OKC,"Jackson Jr., Andre","Lillard, Damian","Dort, Luguentz",null,197228,197263,3,461.05,459.65,7:41,7:39,13.38,23.05,4.7,-2.35,11.47,left corner three,Corner,1,0,1,0,0,1,66.43605977,23.05656089,jumper,catchAndShoot,1,0,0,1,1,0,0,uncontested,0,13.37084889,1,-91.36688504,0.291666667,1.366885038,-0.58017173,-0.229485908,50.25740108,outside_rim_miss
3551e3db-0703-56c3-9ca6-c389928401c3,131df761-d561-5ec4-8fed-ba4ee20ad655,5a7bc50a-574e-5d0b-8f66-46964a84ad37,MIL,OKC,"Lopez, Brook","Green, AJ","Williams, Jalen",null,237944,237978,4,573.37,572.01,9:33,9:32,10.22,-23.66,12.98,-13.79,25.36,right corner three,Corner,1,1,1,1,0,1,54.41588312,24.89073121,jumper,catchAndShoot,1,0,1,1,0,0,0,heavily_contested,0,5.733314923,0.92,71.90717665,1.6687487,-159.0447714,0.259058071,0.400375268,47.70359438,swish
229fdee2-89ef-51cd-90e7-f5ed0d16dfe0,77519e82-f972-5d69-9cec-a50c7707ae4f,264e86d4-9d5e-57e3-b51e-57e7dd906414,OKC,MIL,"Dort, Luguentz","Caruso, Alex","Lillard, Damian",null,133354,133388,2,312.94,311.58,5:12,5:11,16.79,23.82,11.4,-1.81,19.9,left corner three,Corner,1,0,1,0,0,1,44.02977079,24.60111583,jumper,catchAndShoot,1,0,0,1,0,0,0,uncontested,0,16.03716933,1,-75.52315881,0.317323879,98.72174932,0.432352002,-0.58414727,49.24660453,inside_rim_miss
9019e435-12c5-5019-9f7f-b7860e2ead4d,6bd9240f-4fd0-5d93-af5f-a2540baade4e,ff9f30ce-4bae-5889-8d2d-4efda42da922,OKC,MIL,"Williams, Jalen","Hartenstein, Isaiah","Prince, Taurean",null,152334,152361,2,61.09,60.01,1:01,1:00,10.49,10.21,22.6,0.45,19.09,left wing two,Mid,1,1,0,0,0,0,45.10733187,20.13123444,jumper,pullupJumper,0,1,1,1,0,0,0,lightly_contested,1,4.694379618,2.04,-30.47564618,1.193151755,-47.42959675,0.258926251,0.109683081,42.85038377,swish
67a30ca6-2dd2-576e-a848-818a7b9befdd,268c3c45-561a-560c-b80e-29924f21ffbb,a2d18f67-04fa-52dc-87de-cc6af524a7f3,OKC,MIL,"Williams, Kenrich","Wiggins, Aaron","Antetokounmpo, Giannis","Antetokounmpo, Giannis",266013,266014,4,116.31,116.27,1:56,1:56,13.94,-2.34,7.02,2.77,25.54,ra,RA,1,0,0,0,0,0,42.16336012,2.93402454,layup,cutLayup,1,0,0,1,1,0,1,heavily_contested,0,2.071834936,1.32,52.89576509,6.504539014,-41.44187368,null,null,null,null
0feebe7e-008b-57f5-83cf-b93249fa1993,4003b6f2-1660-5773-9b3b-8a30910d5fdd,defcf412-fc29-5222-b3dc-44e10912e2dd,OKC,MIL,"Williams, Jalen","Joe, Isaiah","Portis, Bobby",null,231529,231563,4,625.09,623.73,10:25,10:23,18.72,6.11,32.03,18.28,24.72,middle three,ATB,1,0,1,0,0,1,56.2149033,27.46817249,jumper,catchAndShoot,1,0,0,1,0,0,0,lightly_contested,0,6.437468447,0.92,-12.85234307,1.062295732,1.542410592,-0.273408577,-0.406991022,45.45932782,outside_rim_miss
57f977a7-1c31-5dba-aaf2-780f799feb7a,046923b8-e670-5202-b101-38d510a3808e,faf425ab-aeb1-5410-9480-cb494012d021,OKC,MIL,"Williams, Jalen","Hartenstein, Isaiah","Lopez, Brook",null,196609,196621,3,473.69,473.21,7:53,7:53,11.93,-3.24,8.57,3.19,94.86,key,NRA,1,0,0,0,0,0,45.94994783,4.638965402,layup,drivingLayup,0,16,0,0,1,0,0,heavily_contested,0,2.753779221,12.12,44.30130562,15.73709789,-90.58863456,null,null,null,null
0e4deff6-ba8c-5755-a25d-8512a7ca66d5,8466609c-105c-5c29-8c1c-33f8cdfc5ec6,dd8a923b-a4ef-5f51-995d-2b55e7ff4ef8,OKC,MIL,"Gilgeous-Alexander, Shai","Caruso, Alex","Green, AJ",null,93877,93879,1,188.71,188.63,3:08,3:08,7.66,14.13,12.76,-3.22,39.84,left wing two,Mid,0,0,0,0,1,0,33.86741579,16.00178115,jumper,pullupJumper,0,7,0,0,0,0,0,heavily_contested,0,3.610830929,9.08,-62.00965598,0.940042848,74.81392205,null,null,null,null
f7e4fe0f-507d-52e2-9637-cdad99b5b346,7c614529-bc31-56e6-8d8b-b8c9549e07d2,40223174-a621-5928-9b7f-a35a6f8d20dd,MIL,OKC,"Portis, Bobby","Green, AJ","Joe, Isaiah",null,117388,117407,2,549.39,548.63,9:09,9:08,13.83,-8.87,8.27,-22.77,21.61,right corner two,Mid,1,0,0,0,0,0,44.93959546,9.370021345,floater,cutFloater,1,0,0,1,0,0,0,heavily_contested,0,3.4780023,1,71.19765162,5.650098328,-33.9897297,null,null,null,null
1bb7c562-0231-5a05-b46e-f1df482399f8,61581cea-20db-553f-9fd2-9be3d5d35bd3,b30cd93c-74ad-52d8-a4b4-e761c8c3113c,MIL,OKC,"Antetokounmpo, Giannis",null,"Caruso, Alex",null,210881,210882,3,241.52,241.48,4:01,4:01,17.55,-1.28,3.7,null,null,ra,RA,0,0,0,0,1,0,55.66805005,2.010198995,layup,standstillLayup,0,2,0,0,1,0,0,heavily_contested,0,2.142195136,3.52,140.4498861,3.931929481,52.40820407,null,null,null,null
1bb7c562-0231-5a05-b46e-f1df482399f8,f695a53a-b015-59d2-a321-b7947ee053cc,109c871e-15f1-5f80-93f7-b4e3a3000a26,MIL,OKC,"Antetokounmpo, Giannis",null,"Gilgeous-Alexander, Shai",null,210793,210794,3,245.04,245,4:05,4:05,21.07,-3.87,8.53,null,null,key,NRA,1,0,0,0,0,0,44.19066608,5.072997142,layup,drivingLayup,0,4,0,0,1,0,0,heavily_contested,0,2.814427118,4.44,49.71721614,9.378240181,-2.196388228,null,null,null,null
013c96d4-6cf1-539e-b290-5ad2337794d1,f11cc790-3171-5ea2-996a-1459143e4124,3615d7cd-231b-5d1a-81d5-703a7ec86519,OKC,MIL,"Williams, Kenrich","Gilgeous-Alexander, Shai","Lopez, Brook",null,207490,207522,3,301.74,300.46,5:01,5:00,15.56,22.72,10.62,-7.89,14.14,left corner three,Corner,1,0,1,0,0,1,56.18556887,23.34599109,jumper,catchAndShoot,1,0,0,1,1,0,0,lightly_contested,0,8.966744114,1.12,-76.70186392,1.561805401,32.78278811,-0.079241085,0.44533392,43.78381389,outside_rim_miss
77b62453-f62d-5051-9da1-968707e2dfd1,7afad41d-7e00-57a1-8d88-f0938e3eb992,ae61e5d4-21f9-5bea-8b59-dec1805c25e6,MIL,OKC,"Lopez, Brook","Antetokounmpo, Giannis","Hartenstein, Isaiah",null,151919,151941,2,77.69,76.81,1:17,1:16,6.84,8.23,8.14,6.07,21.14,left corner two,Mid,1,1,0,0,0,0,54.10433412,8.722671609,post,postLeft,1,0,1,1,1,0,0,heavily_contested,0,4.292143986,0.76,-70.65105536,1.491876149,-163.4392216,0.517905808,-0.034640722,46.00837974,normal_make
6db09219-fe76-554f-be55-213dc9fe86b0,9dd342b8-aa26-585e-8a50-baa0136710c2,99063a93-6396-5e5d-9104-f33f8a7e07ac,OKC,MIL,"Wallace, Cason","Mitchell, Ajay","Green, AJ",null,120917,120935,2,481.79,481.07,8:01,8:01,8.72,-0.88,16.06,-15.4,23.62,key,NRA,1,1,0,0,0,0,49.22862351,10.84575954,floater,drivingFloater,0,1,1,0,1,0,0,lightly_contested,1,2.111160818,2.6,4.653963839,10.16572742,4.306454001,-0.126053946,-0.337675918,37.17278589,rim_bounce_make
3a4c3c00-fc40-5b79-b525-efc6d486f32f,538bfae8-c5c9-5bb4-a95b-b0f81afa7885,7abef989-e47b-53d4-a389-7b6b425daf44,MIL,OKC,"Lillard, Damian","Trent Jr., Gary","Williams, Jalen",null,110126,110161,2,704.34,702.94,11:44,11:42,8.34,23.93,3.05,-17.71,42.01,left corner three,Corner,1,1,1,1,0,1,42.29915589,24.0309155,jumper,stepback,0,6,0,0,0,0,0,heavily_contested,0,4.82578491,8.16,-95.25271115,5.790617411,127.9136239,0.110244951,0.07378871,53.69317404,swish
2098665c-c4e8-5a9d-af39-98008886ae25,7004b03d-97f4-52d7-a0df-69a47c5cc40d,e27a22ca-b847-5121-8f74-f625bec7c019,OKC,MIL,"Gilgeous-Alexander, Shai","Wallace, Cason","Lillard, Damian",null,208985,208986,3,276,275.96,4:36,4:35,21.25,3.13,3.15,-3.81,62.11,ra,RA,0,0,0,0,1,0,35.50236523,3.76920416,layup,drivingLayup,0,4,0,0,1,0,0,heavily_contested,0,4.037746897,4.44,-123.858708,13.39063209,109.2603353,null,null,null,null
1bc5ec54-cc2b-5ad1-acbc-68c7ba46ce13,0fb048b1-672a-5534-a746-dc34585567a2,b6ba922f-71b5-5b93-b0b1-75e1ba2044ab,MIL,OKC,"Lillard, Damian","Antetokounmpo, Giannis","Joe, Isaiah",null,193501,193533,3,523.2,521.92,8:43,8:41,15.04,-9.05,32.02,-18.55,22.16,middle three,ATB,1,0,1,0,0,1,46.80574536,28.25836867,jumper,stepback,0,1,0,1,0,0,0,heavily_contested,0,3.481278501,1.48,18.67859548,2.946278255,100.0611998,0.137253462,-0.560614016,42.01119943,inside_rim_miss
124ca5ad-2c17-5b4c-b744-87b422f08c76,1d2dffb8-28c6-555a-b6a4-df00eaa5a73c,396a2bfc-900c-54c6-908d-f501fc9c5e11,OKC,MIL,"Wallace, Cason","Williams, Kenrich","Green, AJ",null,121845,121848,2,444.66,444.54,7:24,7:24,12,3.85,3.93,-1.06,33.16,key,NRA,0,0,0,0,1,0,27.5919497,4.07,layup,drivingLayup,0,3,0,0,1,0,0,heavily_contested,0,0.901997783,4.04,-108.9246444,12.24248636,98.53258983,null,null,null,null
d30c9202-1a35-5a11-8d9c-215c523eb4ac,a2e5f824-a88e-5ca0-9b5f-85d2db1bef14,08984415-07b2-54ed-a456-a7016096c598,MIL,OKC,"Lillard, Damian","Antetokounmpo, Giannis","Dort, Luguentz",null,123615,123651,2,428.94,427.5,7:08,7:07,8.86,13.05,35.9,1.8,32.46,far,ATB,1,0,1,0,0,1,45.1786682,33.31253518,jumper,overScreen,1,0,0,0,0,0,0,uncontested,0,7.935319779,2.64,-23.06308636,2.052268393,28.88942839,-0.071228456,1.059669549,43.84980584,airball
abff4440-a730-5c76-a6bd-429701bbeb24,bee18289-2b30-54f5-b990-ce745462e54c,cf9a7526-b6a7-5900-b6ea-d3fb4164e726,MIL,OKC,"Trent Jr., Gary","Lillard, Damian","Joe, Isaiah",null,114672,114693,2,588.2,587.36,9:48,9:47,3.33,-8.32,13.75,-16.57,30.79,right wing two,Mid,1,0,0,0,0,0,43.09363067,11.89421708,floater,drivingFloater,0,2,0,0,0,0,0,heavily_contested,1,0.91241438,2.24,44.38687,5.501420271,24.29521773,-0.796460037,0.280722676,45.47888245,outside_rim_miss
20edd0a7-4929-5691-b11d-c9f7e86b5d46,3a07613d-1a02-5be5-8c68-63c9c4a2d035,47a0fa85-2434-5761-8ada-b064f39b2e6e,MIL,OKC,"Antetokounmpo, Giannis","Lillard, Damian","Dort, Luguentz",null,68091,68092,1,525.11,525.07,8:45,8:45,17.17,-7.42,9.08,-0.05,95.49,key,NRA,0,0,0,0,1,0,33.00310373,8.350167663,floater,drivingFloater,0,7,0,0,1,0,0,lightly_contested,0,5.562023013,7.4,62.69846089,8.356841841,-69.85891062,null,null,null,null
c6d8af0d-7a52-55e5-afc5-749b17a6cbc0,9e877c35-733b-5d84-9e82-3ca2cd9db1e6,a5639dcf-f8b7-5259-a71e-98d0f8dc21f7,OKC,MIL,"Gilgeous-Alexander, Shai","Caruso, Alex","Lillard, Damian",null,87852,87881,1,216.96,215.8,3:36,3:35,13.72,23.4,3.81,3.49,8.95,left corner three,Corner,1,0,1,0,0,1,56.17412031,23.44426582,jumper,stepback,0,2,0,0,0,0,0,lightly_contested,0,5.351121378,4.76,-93.52145338,2.401171589,54.86164512,1.189756286,0.541182705,43.0441943,airball
90b8cee5-f42e-5896-b48e-73d3e2ae334f,dab08781-a35d-50b6-a807-ca7075d7697d,12c7d9ea-dd71-5565-a19d-14cf286ea162,MIL,OKC,"Green, AJ","Lillard, Damian","Mitchell, Ajay",null,113121,113153,2,650.24,648.96,10:50,10:48,14.89,-22.17,15.64,1.63,11.5,right wing three,ATB,1,1,1,1,0,1,62.13064045,24.48389266,jumper,catchAndShoot,1,0,1,1,1,0,0,heavily_contested,0,7.416070388,0.84,64.88980021,0.530330086,-19.88980021,0.531877882,0.341438298,44.25954836,normal_make
f317c8a3-5592-5d6e-a853-2200e927db91,93f24972-9c0c-5743-aac4-bf640f3babca,50eeae9e-ab77-533d-a11e-0dfaa0faceeb,OKC,MIL,"Williams, Jalen","Mitchell, Ajay","Portis, Bobby",null,115588,115599,2,575.22,574.78,9:35,9:34,14.44,-3.1,8.31,26.56,66.36,key,NRA,1,0,0,0,0,0,53.19384933,4.355869603,layup,drivingLayup,0,10,0,0,1,0,0,lightly_contested,0,3.353043394,9.6,45.37204529,15.7555105,-57.276311,null,null,null,null
a017c934-4e1c-5624-a56a-bcfe663c7800,1378f621-4a03-5487-b825-7c8c4397c000,2dd9089f-176d-5cee-a3ee-75b6cd64d60f,MIL,OKC,"Lopez, Brook",null,"Gilgeous-Alexander, Shai","Williams, Jalen",80161,80162,1,398.54,398.5,6:38,6:38,12.93,-1.5,6.43,null,null,ra,RA,1,0,0,0,0,0,63.76385093,1.90850727,layup,tip,1,0,0,0,1,1,1,heavily_contested,0,2.476953774,0.36,51.80905018,2.357022604,-149.9391525,null,null,null,null
a017c934-4e1c-5624-a56a-bcfe663c7800,621ccc89-ddb2-5e19-b3ab-e63c345eaffb,1f451f09-a5b1-546d-b257-1896c4c199ab,MIL,OKC,"Lopez, Brook","Antetokounmpo, Giannis","Gilgeous-Alexander, Shai",null,80134,80145,1,399.62,399.18,6:39,6:39,14.01,-1.84,7.4,-5.39,30.97,ra,RA,1,0,0,0,0,0,53.28828096,2.829858654,layup,standstillLayup,1,0,0,1,1,0,0,heavily_contested,0,1.809419797,1.68,40.55737301,1.067187373,10.78281873,null,null,null,null
4ee556c5-f5a0-53e3-9d0a-83e0814afe71,0c582e9c-b59b-5487-8aab-9cd35cd9144c,3f736db9-78a4-52b2-ad4c-4cd3df2b4089,MIL,OKC,"Antetokounmpo, Giannis",null,"Carlson, Branden",null,265693,265706,4,129.11,128.59,2:09,2:08,7.44,-6.5,4.93,null,null,key,NRA,1,0,0,0,0,0,30.34116328,6.507872156,layup,drivingLayup,0,18,0,0,1,0,0,heavily_contested,0,2.985297305,17.24,92.81843978,13.13822085,-67.0660402,null,null,null,null
112a16cd-ef1a-533d-b3ac-6ae5dac8254e,688801c2-7bd6-555f-aea3-3f153f76da28,cb5ea7e2-201c-5c55-bee1-c9749ad4a4b3,MIL,OKC,"Antetokounmpo, Giannis","Lillard, Damian","Gilgeous-Alexander, Shai",null,64819,64834,1,637.7,637.1,10:37,10:37,16.22,-3.65,7.49,3.73,95.05,key,NRA,1,1,0,0,0,0,72.97526002,4.282534296,layup,drivingLayup,0,9,0,0,1,0,0,lightly_contested,0,2.45898353,8.76,58.46261646,3.653385036,-13.46261646,null,null,null,null
b5d69d2f-e949-5208-990e-2ae6a9012186,729a84fe-8492-5f81-86f1-47bb0fea962e,58cc511e-5e88-5c08-8df7-721097aa8dbe,OKC,MIL,"Gilgeous-Alexander, Shai","Caruso, Alex","Green, AJ",null,96442,96467,1,123.19,122.19,2:03,2:02,6,17.32,5,11.28,20.58,left corner two,Mid,1,1,0,0,0,0,32.73604214,17.32180418,jumper,stepback,0,4,0,0,0,0,0,heavily_contested,0,4.409002155,6.84,-90.82696017,5.096635601,125.1666119,0.443237553,-0.191737599,44.59658385,normal_make
4527849b-dac7-5573-8de5-a959ce7f5c0a,c30b0446-d1e8-5891-a2a8-b2692ae4e55e,68d39d9e-bf1d-55c3-b26a-395abc92b04d,MIL,OKC,"Lillard, Damian","Antetokounmpo, Giannis","Williams, Kenrich",null,88082,88116,1,207.75,206.39,3:27,3:26,18.17,20.29,27.34,6.47,39.48,left wing three,ATB,1,1,1,1,0,1,44.56952959,29.99420277,jumper,catchAndShootRelocating,1,0,1,1,0,0,0,heavily_contested,0,6.159586025,1.04,-42.56794584,3.127499001,44.85855589,0.518149193,-0.165229085,44.16982245,normal_make
59056e3b-4f79-52a3-90fc-b46f147fee19,b5b3a3ff-3c0e-5d56-88d6-246e5a8f18f6,a5cfa431-4187-5eee-bea8-eaae68e3af14,OKC,MIL,"Williams, Jalen","Hartenstein, Isaiah","Lopez, Brook",null,72762,72777,1,477.91,477.31,7:57,7:57,20.16,-5.75,7.8,3.38,93.05,key,NRA,1,1,0,0,0,0,49.80643392,6.290071542,layup,drivingLayup,0,4,0,0,1,0,0,heavily_contested,0,5.088418222,3.88,66.08375458,16.11487624,-84.94033277,null,null,null,null
45eac033-7283-5918-b6f0-1008130eeab6,524fd212-58ab-58a3-9c5d-3ba4ac981e4a,2f9af080-179d-5a00-82f9-7ddf553335a3,OKC,MIL,"Hartenstein, Isaiah","Williams, Jalen","Lopez, Brook",null,250498,250523,4,366.12,365.12,6:06,6:05,8.05,-0.36,16.64,-12.64,17.52,key,NRA,1,0,0,0,0,0,39.49488997,11.39568778,floater,cutFloater,1,0,0,1,1,0,0,heavily_contested,0,3.964151864,0.84,1.810326273,4.798183974,1.176310718,0.803886892,0.039150201,53.58867059,inside_rim_miss
45eac033-7283-5918-b6f0-1008130eeab6,f9baeb85-d238-5e2e-8964-02e158e38e36,aee0ef60-7593-5f3d-87d0-07fb51cfe8cf,OKC,MIL,"Gilgeous-Alexander, Shai","Hartenstein, Isaiah","Green, AJ",null,249629,249655,4,374.6,373.56,6:14,6:13,16.3,-13.88,5.05,-3.25,86.36,right corner two,Mid,1,0,0,0,0,0,38.2820487,13.88144085,jumper,stepback,0,8,0,0,0,0,0,heavily_contested,0,3.500428545,7.56,90.82553047,4.001735735,-149.4525253,0.771451557,-0.26949428,48.34174761,outside_rim_miss
1b5ef4ee-9235-5b17-ac7f-1dc7d9cc9c2c,fcbc5925-3baa-552f-83c0-7dc85a6904e2,8b58d250-ded1-5060-8945-27e147a28e90,OKC,MIL,"Hartenstein, Isaiah","Williams, Jalen","Lopez, Brook",null,65146,65183,1,624.62,623.15,10:24,10:23,14.88,1.75,17.79,-7.54,13.28,key,NRA,1,1,0,0,0,0,41.32121801,12.66152045,jumper,catchAndShoot,1,0,1,1,1,0,0,heavily_contested,0,4.070638771,0.72,-7.944514083,1.208333333,-38.45266694,0.284480042,-0.428331432,76.44283327,rim_bounce_make
f7739f12-446d-5302-b602-b2f01ae44ae1,1a5c425d-a69f-54b9-9717-b4b675385146,7dc79a62-a0a4-5e12-95b1-c649ffe19e8a,MIL,OKC,"Lopez, Brook","Portis, Bobby","Hartenstein, Isaiah",null,232029,232066,4,605.08,603.6,10:05,10:03,6.92,-19.06,29.13,-11.32,2.54,right wing three,ATB,1,1,1,1,0,1,34.89574716,30.55385409,jumper,catchAndShoot,1,0,1,1,0,0,0,lightly_contested,0,6.269194526,0.96,38.59537835,0.913821342,8.252231915,0.053701806,-0.326806571,47.25381429,swish
0057162a-a9ea-5e12-8cfd-5d53efc7a968,6130e2b5-c371-554c-8c81-569288e87212,b4fc738e-d82d-57c5-970b-d908730be398,MIL,OKC,"Lillard, Damian","Antetokounmpo, Giannis","Williams, Jalen","Williams, Jalen",64243,64244,1,660.74,660.7,11:00,11:00,11.33,5.76,20.09,-3.5,95.28,middle two,Mid,1,0,0,0,0,0,35.31030416,15.91864316,jumper,stepback,0,16,0,0,1,0,1,heavily_contested,0,4.340656632,13.12,-21.21323269,5.500315648,151.2966667,null,null,null,null
dd0417df-d242-5adb-a068-d42b5ca3af49,352d5c37-1a5c-5c0b-849f-24386ce89d04,0c866b30-e1bd-5f01-8789-693e8ba2e776,MIL,OKC,"Antetokounmpo, Giannis","Lillard, Damian","Hartenstein, Isaiah",null,70186,70187,1,508.23,508.19,8:28,8:28,16.48,-0.97,6.55,-12.08,46.33,ra,RA,1,1,0,0,0,0,93.40745807,1.622004932,layup,drivingLayup,0,2,1,0,1,0,0,uncontested,0,2.562849976,3.04,36.72860131,6.431395434,65.23652753,null,null,null,null
9e6586d4-ed48-57eb-a1da-ddb3860aade5,f8bfb418-aca4-5e60-8feb-5d6a8dadb9af,e1874993-1dba-5fb4-b53b-082690a1b88c,OKC,MIL,"Gilgeous-Alexander, Shai","Williams, Jalen","Jackson Jr., Andre","Lopez, Brook",79195,79196,1,437.19,437.15,7:17,7:17,17.09,3.12,4.95,13.48,25.74,ra,RA,1,0,0,0,0,0,64.4800663,3.134389893,layup,cutLayup,0,1,0,1,1,0,1,heavily_contested,0,1.93499354,1.2,-95.49232456,10.99471148,27.29373404,null,null,null,null
8c669deb-6933-54f2-81c6-ff730f5aa7b8,d3076e88-40f8-567b-bcef-696caf5e8434,84bccd0c-06b7-571d-a315-60d4dc410495,OKC,MIL,"Williams, Kenrich","Jones, Dillon","Connaughton, Pat",null,270824,270855,4,19.11,17.87,0:19,0:17,10.96,4.12,31.23,-19.13,22.64,middle three,ATB,1,1,1,1,0,1,41.4525032,26.30465358,jumper,shakeAndRaise,0,4,0,0,0,0,0,heavily_contested,0,3.396969237,3.88,-9.011127271,2.630615686,38.41831633,0.146367,0.113659019,41.73793406,swish
74213e4c-0e8a-58be-8634-9ebd0ffc41f7,3095bd79-a795-5cda-9683-a79edc424018,d0123358-3834-57f8-9702-7a5d62dabc2b,OKC,MIL,"Williams, Jalen","Hartenstein, Isaiah","Prince, Taurean",null,155607,155608,2,0.15,0.11,0:00,0:00,0,15.11,30.7,1.51,40.07,left wing three,ATB,1,0,1,0,0,1,10.83525829,29.59754382,heave,heave,1,0,0,1,0,0,0,heavily_contested,0,3.036214749,1.04,-30.69816205,11.58580609,47.63424591,null,null,null,null
5b450a62-b06b-5ccd-ae67-dd985063227f,79ce0e16-c53a-5efd-b54f-31cbff868563,6b920d94-0bbf-54b4-9db1-a0faf219027e,OKC,MIL,"Gilgeous-Alexander, Shai",null,"Jackson Jr., Andre",null,69880,69881,1,520.47,520.43,8:40,8:40,20.64,-0.32,6.93,null,null,ra,RA,1,1,0,0,0,0,97.74846435,1.710204666,layup,drivingLayup,0,3,0,0,1,0,0,uncontested,0,5.17117008,4.6,10.78429787,11.49395977,-27.64269664,null,null,null,null
595d1011-9b5c-5c03-ba01-a0ea0cddcdde,4d9fe4eb-d945-5aea-bbb7-73dc3963c9c3,715798df-802b-5edb-b4ce-87c9d0c8f5e8,MIL,OKC,"Portis, Bobby","Connaughton, Pat","Wiggins, Aaron",null,95506,95535,1,160.63,159.47,2:40,2:39,15.01,23.7,3.08,-4.83,2.8,left corner three,Corner,1,0,1,0,0,1,57.9368636,23.79913654,jumper,catchAndShoot,1,0,0,1,1,0,0,heavily_contested,0,5.068056827,0.92,-95.23148251,0.82073815,-108.7310065,0.051838189,0.367060909,43.4704301,inside_rim_miss
4b0b979a-449e-57e8-aafc-2dd3cc08beb5,f84e4bff-3cbe-5f40-adb8-ab172733d8c6,e51dee66-eb5a-5439-8953-20b4519657f8,MIL,OKC,"Lillard, Damian","Antetokounmpo, Giannis","Gilgeous-Alexander, Shai",null,192817,192851,3,550.57,549.21,9:10,9:09,24,5.58,34.04,5.63,28.05,middle three,ATB,1,1,1,1,0,1,52.45694071,29.32576512,jumper,overScreen,1,0,1,1,0,0,0,lightly_contested,0,5.031709451,1.08,-10.968913,2.128673296,-128.7947287,0.448680393,0.246318072,42.8970768,normal_make
3fdab874-7fdd-5967-b370-3388d5fde278,43737c2b-7858-5543-80b5-bf264973fa30,ba52ddec-c3e4-5db1-aa7d-215ba917e4ca,MIL,OKC,"Jackson Jr., Andre","Connaughton, Pat","Williams, Kenrich",null,213708,213716,3,206.13,205.81,3:26,3:25,24,5.34,5.58,0,3.3,key,NRA,1,0,0,0,0,0,47.69751132,5.350186913,layup,standstillLayup,1,0,0,1,1,0,0,lightly_contested,0,3.800052631,0.8,-86.46374661,2.455860338,-78.79269055,null,null,null,null
36bd59d3-45b5-58dd-b52b-e1330911ee4b,2f4acaab-a547-5ed1-8959-41a5b9b307f7,cd6de083-666c-55b1-a5e3-eaa846037b03,OKC,MIL,"Jones, Dillon","Williams, Kenrich","Beauchamp, MarJon",null,269906,269940,4,55.84,54.48,0:55,0:54,18.59,-23.54,6.21,-14.38,29.39,right corner three,Corner,1,0,1,0,0,1,56.23900294,23.55956706,jumper,catchAndShoot,1,0,0,1,0,0,0,uncontested,0,14.88842839,0.72,87.66467776,0.11785113,-42.66467776,-0.418513369,-0.203369083,50.85843394,outside_rim_miss
032afdff-f004-50f8-9b60-0647e31a2a99,17914f52-0e64-5aa2-932c-6f85ed8723c8,a11b9749-43c3-50d4-b970-77e780d7bbc6,OKC,MIL,"Williams, Kenrich","Gilgeous-Alexander, Shai","Antetokounmpo, Giannis",null,216827,216858,3,133.39,132.15,2:13,2:12,16.89,3.88,32.09,7.02,18.79,middle three,ATB,1,0,1,0,0,1,49.65249896,27.11899703,jumper,catchAndShoot,1,0,0,1,1,0,0,lightly_contested,0,6.589757203,0.84,-8.225714747,1.822410644,18.76489848,1.241267518,0.099257762,43.37533243,outside_rim_miss
7697d2e0-7db0-53b5-9eca-dc71159f8cd6,0d5b01d1-a4aa-51cc-8700-1e472af78747,c942d584-485f-5e72-b79a-9ce5a6b59f70,MIL,OKC,"Johnson, AJ","Connaughton, Pat","Carlson, Branden",null,270448,270464,4,34.15,33.51,0:34,0:33,5.59,2.53,6.3,-15.64,39.39,ra,RA,1,0,0,0,0,0,19.80418265,2.739233469,layup,drivingLayup,0,12,0,0,1,0,0,heavily_contested,0,2.913846255,12.64,-67.460584,14.5540778,74.03626134,null,null,null,null
2e209981-d7c8-5633-b323-a3b2db1b67f7,89e48538-a8ef-554c-9ac4-2b1a0c2814f7,c4955ba3-e967-5578-9302-4956594ae39d,OKC,MIL,"Williams, Jalen","Mitchell, Ajay","Trent Jr., Gary",null,110542,110569,2,687.7,686.62,11:27,11:26,14.51,-7.34,22.22,17.12,19.56,right wing two,Mid,1,0,0,0,0,0,39.97052312,18.48936181,jumper,pullupJumper,0,2,0,0,0,0,0,heavily_contested,1,3.977587208,2.68,23.38983344,3.605792023,-90.97368596,0.544812416,-0.382259632,45.66416889,inside_rim_miss
242d28fd-b524-5ceb-8100-c8b2c12b10cb,004a8895-f0af-5682-98d0-73bc5d1912ae,5261e5e8-7f59-57d8-b303-d529d5266780,MIL,OKC,"Prince, Taurean","Antetokounmpo, Giannis","Williams, Kenrich",null,83238,83270,1,323.45,322.17,5:23,5:22,16.51,-22.89,2.87,13.73,10.31,right corner three,Corner,1,0,1,0,0,1,71.59636617,23.01339827,jumper,catchAndShoot,1,0,0,1,0,0,0,lightly_contested,0,7.783572445,0.84,95.93602936,0.796040549,-11.94503532,0.608996649,0.650228734,46.00601047,inside_rim_miss
b9b26548-1f4a-5fb6-b217-499b959bb1d9,aa620ae3-0066-5e4f-8c3f-f501d786275a,71f27443-c7b3-5204-88f2-5177f8980220,OKC,MIL,"Dort, Luguentz","Wallace, Cason","Lillard, Damian",null,124301,124335,2,412.9,411.54,6:52,6:51,10.47,20.92,21.32,10.07,19.23,left wing three,ATB,1,0,1,0,0,1,58.39509219,26.3797517,jumper,catchAndShoot,1,0,0,1,0,0,0,lightly_contested,0,5.238597141,1.16,-52.46981174,0.291666667,-37.53018826,1.203430629,-0.027488851,49.01606758,outside_rim_miss
5a23e2ef-2a32-5c2d-a77d-99690ed43ce4,d16010d1-7fb9-55ef-ad04-dd5df0dfaf43,b7458dac-9b79-5467-ab49-059398b0b499,OKC,MIL,"Gilgeous-Alexander, Shai","Williams, Jalen","Lillard, Damian",null,154628,154658,2,10.11,8.91,0:10,0:08,3.78,13.11,27.71,12.95,14.15,left wing three,ATB,1,0,1,0,0,1,40.2014181,26.00622426,jumper,stepback,0,1,0,1,0,0,0,heavily_contested,0,3.525365229,2.4,-30.27229583,2.150581317,65.80997362,0.207053202,-0.756878639,40.45724944,outside_rim_miss
5a23e2ef-2a32-5c2d-a77d-99690ed43ce4,11c1864a-c4df-589c-9b16-b827572ed651,eae4df33-b7a1-57cd-93dd-564b5ce88510,OKC,MIL,"Caruso, Alex","Gilgeous-Alexander, Shai","Antetokounmpo, Giannis",null,154231,154264,2,26,24.68,0:26,0:24,11.88,-22.93,8.7,-3.68,11.26,right corner three,Corner,1,0,1,0,0,1,55.96759021,23.18808746,jumper,catchAndShoot,1,0,0,1,1,0,0,uncontested,0,14.60003082,0.76,81.44357683,0.950146188,-6.698695533,-0.156872444,-0.227887214,47.89624768,inside_rim_miss
28b6d547-7c7c-5fe2-bbd2-04ba4f7da009,df7ed499-4405-5528-b4de-f94a3a80dc9e,403e7e15-f47a-5ccd-8508-05aabaf22eb8,OKC,MIL,"Caruso, Alex","Williams, Jalen","Lillard, Damian",null,257655,257687,4,295.07,293.79,4:55,4:53,13.14,-13.21,26.64,-17.08,10.08,right wing three,ATB,1,0,1,0,0,1,52.5004819,25.14033015,jumper,catchAndShootOnMoveRight,1,0,0,1,0,0,0,lightly_contested,0,4.772976011,0.84,31.6985782,1.424000624,-101.142533,-0.570047345,0.444469759,47.61819943,outside_rim_miss
aabdf4f2-7d00-5bde-ab56-e3c6e0ba18d1,35158e75-62f1-5826-b816-d79a9aa6271d,baa2defe-eb83-5968-bf55-55d363be5ef9,MIL,OKC,"Green, AJ","Antetokounmpo, Giannis","Hartenstein, Isaiah",null,258067,258099,4,278.59,277.31,4:38,4:37,10.54,-22.72,5.06,-8.7,11.57,right corner three,Corner,1,1,1,1,0,1,39.97020274,22.72079444,jumper,catchAndShootRelocating,1,0,1,1,1,0,0,heavily_contested,0,4.339700451,0.88,90.47913487,1.685312368,170.9900995,-0.131913462,0.05193484,48.7866543,swish
01295676-aeea-50c6-a069-3fb7134068ee,9266d1ae-13cc-5e91-b5b3-b35fe866e806,07b60a06-70e1-5331-8830-aae87d50b6e6,OKC,MIL,"Williams, Jalen","Wallace, Cason","Lillard, Damian",null,125233,125237,2,375.62,375.46,6:15,6:15,20.47,7.37,8.02,-17.53,53.89,key,NRA,0,0,0,0,1,0,34.61482823,7.873360147,layup,drivingLayup,0,2,0,0,1,0,0,lightly_contested,0,4.943814317,2.32,-69.40136836,17.70617634,98.86194719,null,null,null,null
185053d7-fa47-569e-9650-d4f6915bdec8,850fdb0c-0b0a-5ccc-b274-ba3ac543308e,94bf157b-de2c-5c86-9632-88b9ba85d134,MIL,OKC,"Jackson Jr., Andre","Antetokounmpo, Giannis","Gilgeous-Alexander, Shai",null,153873,153904,2,40.32,39.08,0:40,0:39,4.64,-22.49,9.35,18.11,25,right corner three,Corner,1,0,1,0,0,1,52.28133649,22.86066709,jumper,catchAndShoot,1,0,0,1,0,0,0,lightly_contested,0,5.987161264,1.12,79.66825305,0.266796843,48.9915552,-0.778894728,0.17571764,50.0436027,outside_rim_miss
5c84e312-3cd0-5d95-8733-6fea133d7f5b,39117da6-4e79-50af-a850-2f2ee2fad8c3,449fdfa4-79b7-54a9-927c-9e4023c10880,MIL,OKC,"Lillard, Damian",null,"Wallace, Cason",null,110826,110829,2,676.34,676.22,11:16,11:16,15.5,-4.22,37.01,null,null,middle three,ATB,0,0,0,0,1,1,33.77288952,32.03913232,jumper,overScreen,0,10,0,0,0,0,0,lightly_contested,0,4.940981684,9.4,7.568644955,3.995874609,121.9309436,null,null,null,null
39487dd1-d2f3-5ae6-a2cd-dbe785bb457d,dff4225c-7767-52c6-a933-f91333375389,3595ad64-eba7-56ab-ae00-a7770b43badc,MIL,OKC,"Lillard, Damian","Lopez, Brook","Wallace, Cason",null,221059,221095,3,75.19,73.75,1:15,1:13,1.36,-11.3,38.19,-6.63,32.57,far,ATB,1,0,1,0,0,1,15.25711678,34.82432483,jumper,overScreen,0,2,0,0,0,0,0,heavily_contested,0,3.628512092,1.8,18.93442716,5.668045176,-70.80085697,-0.082254387,-0.724098354,42.87119433,outside_rim_miss
1eec4b0e-0187-559c-8f46-bfddd5ebc90d,1c851eef-9f09-537d-a4d9-b8c82df9784d,2150a04a-4439-5395-be9d-6432c87bd88a,OKC,MIL,"Williams, Jalen","Mitchell, Ajay","Lopez, Brook",null,229093,229104,4,708.83,708.39,11:48,11:48,12.83,-3.84,6.56,-5.3,41.86,key,NRA,1,1,0,0,0,0,53.60839963,4.057302059,layup,drivingLayup,0,3,1,0,1,0,0,heavily_contested,0,2.259424706,3.72,71.16313882,16.77465019,-43.32505762,null,null,null,null
d5289d80-3e61-55ac-9e43-664a61cc6827,7c40f88e-7c8a-5788-a632-7ccf6f6c1c4e,9954ada6-d4cc-5209-9938-6c6c4f37cef5,OKC,MIL,"Gilgeous-Alexander, Shai","Hartenstein, Isaiah","Lopez, Brook",null,193750,193774,3,513.24,512.28,8:33,8:32,16.48,5.34,20.98,2.55,82.32,middle two,Mid,1,1,0,0,0,0,49.91305172,16.61169769,jumper,pullupJumper,0,7,0,0,0,0,0,heavily_contested,0,4.899724482,6.64,-18.75125583,3.281101187,1.006584208,0.035299559,-0.114544772,41.99238421,swish
95160013-e328-5881-bdf3-e865fd153173,33022467-011e-5437-bb4b-adbecf12db7c,3ed7a51a-3ad5-54c4-ad30-45f5e415006a,MIL,OKC,"Trent Jr., Gary","Antetokounmpo, Giannis","Caruso, Alex",null,260695,260727,4,203,201.72,3:23,3:21,3.13,-7.07,29.22,-8.52,13.31,middle three,ATB,1,0,1,0,0,1,47.62511998,24.99091435,jumper,catchAndShootRelocating,1,0,0,1,1,0,0,heavily_contested,0,4.67800171,0.76,16.4335304,2.298097039,-38.81366545,0.57572109,-0.39156437,46.53514837,inside_rim_miss
95160013-e328-5881-bdf3-e865fd153173,0b705d5b-2511-517e-bbd4-04da9e7e9f1d,582cd0d8-3a2b-5f2f-8a24-de82f4234ea7,MIL,OKC,"Lopez, Brook","Antetokounmpo, Giannis","Hartenstein, Isaiah",null,259881,259915,4,218.5,217.14,3:38,3:37,6.3,-20.63,23.74,2.68,29.69,right wing three,ATB,1,0,1,0,0,1,35.61181203,27.70337525,jumper,stepback,0,1,0,1,0,0,0,heavily_contested,0,6.337799303,1.44,48.13115752,1.014649639,-157.3101655,0.88189134,-0.033326899,46.21653284,inside_rim_miss
d6792ce2-8ff7-5bf2-b2c4-05f2d022b768,7455a049-1650-5c43-b583-a8d4d625a799,8af1d455-68aa-53b6-9754-b6c198b4a7a1,OKC,MIL,"Joe, Isaiah","Williams, Jalen","Lillard, Damian",null,238294,238330,4,559.37,557.93,9:19,9:17,15.87,19.74,27.41,-2.13,37.49,left wing three,ATB,1,1,1,1,0,1,47.95049429,29.67714946,jumper,catchAndShootRelocating,1,0,1,1,0,0,0,heavily_contested,0,5.533434738,0.92,-41.69446498,1.912132318,30.38453251,-0.056245504,-0.170667865,47.30968102,normal_make
2f388993-5aa7-5135-b250-6b75fb99b292,efee601c-a593-5798-a14e-88aa2b7950e8,05a202af-7f35-5caa-9355-5df12ecb0f32,OKC,MIL,"Caruso, Alex","Mitchell, Ajay","Antetokounmpo, Giannis","Antetokounmpo, Giannis",219739,219740,3,99.1,99.06,1:39,1:39,9.2,3.45,6.28,-1.9,19.02,ra,RA,1,0,0,0,0,0,34.1188997,3.600472191,layup,drivingLayup,0,2,0,0,1,0,1,heavily_contested,0,1.734848697,2.68,-73.37696719,9.795477982,64.07491247,null,null,null,null
247146ff-ecd8-5550-babb-b280592908f9,e5ab4f66-3552-5c95-8a18-f5fc00e3419b,caa3c5ab-1888-5063-86d1-ff7ba21a4302,OKC,MIL,"Hartenstein, Isaiah","Williams, Jalen","Lopez, Brook",null,246759,246785,4,465.11,464.07,7:45,7:44,9.44,-5.07,17.16,3.5,20.68,key,NRA,1,1,0,0,0,0,53.9098382,12.94422651,floater,cutFloater,1,0,1,1,1,0,0,heavily_contested,0,5.176504612,0.68,23.05910015,3.073181486,-10.53029244,-0.043120595,0.241508431,54.42448052,rim_bounce_make
4022187e-49e5-52f2-82ae-c0a127455277,59a6cdfd-406d-5d4c-abcf-63a8c57b4165,0b9d1da9-3c2e-5365-8b88-3465883f542e,OKC,MIL,"Mitchell, Ajay","Hartenstein, Isaiah","Green, AJ",null,113700,113710,2,627.08,626.68,10:27,10:26,6.08,-1.94,8.57,6.35,10.02,ra,RA,1,1,0,0,0,0,92.07616448,3.845256819,layup,cutLayup,1,0,1,1,1,0,0,uncontested,0,5.879838433,0.88,30.29933927,6.457795677,12.34736386,null,null,null,null
24605c6c-71ca-540d-b310-310226777fd6,c56d88eb-f35c-555a-9ee2-61f2aa4c203d,095a33c6-3cb6-5e0c-8e0c-6c1374f0eac1,OKC,MIL,"Hartenstein, Isaiah","Gilgeous-Alexander, Shai","Lopez, Brook",null,64493,64494,1,650.74,650.7,10:50,10:50,16.11,-1.16,7.03,10.82,19.19,ra,RA,1,1,0,0,0,0,99.20078516,2.124617613,layup,cutLayup,1,0,1,1,1,0,0,uncontested,0,4.532824726,1,33.09169994,10.46040816,-31.95050068,null,null,null,null
e469f8dc-6514-5ebc-a9bc-f36dcd258fd9,6d7684b5-3c84-5b73-b0c0-0f3c24d78e12,aba39ff5-ebe9-58a6-9b35-047c62f9c87a,OKC,MIL,"Mitchell, Ajay","Dort, Luguentz","Green, AJ",null,229855,229873,4,678.35,677.63,11:18,11:17,18.07,9.94,6.24,-1.16,94.23,left corner two,Mid,1,0,0,0,0,0,26.15476549,9.989179146,floater,drivingFloater,0,6,0,0,0,0,0,heavily_contested,0,4.002161916,6.2,-84.31223614,8.017342314,63.6167854,null,null,null,null
bef38e4a-2f19-543e-9919-cf65511a90fe,52c9f47f-acc7-501d-b126-47f769c74930,05f7f252-55dc-5a67-a91b-10914ce1aafd,OKC,MIL,"Gilgeous-Alexander, Shai","Williams, Kenrich","Connaughton, Pat",null,95181,95212,1,173.63,172.39,2:53,2:52,14.85,-16.07,25,-20.61,30.62,right wing three,ATB,1,0,1,0,0,1,44.96267885,25.46188131,jumper,stepback,0,2,0,0,0,0,0,heavily_contested,0,4.400954442,3.76,39.13424569,1.618040653,16.35723133,0.892315514,0.45661826,44.19019652,inside_rim_miss
a15c5861-7edf-5b45-bcbc-2eff794c59ac,2662a071-a320-50f0-8b7a-1f66172acd32,5c6a765d-3d2f-5477-ba4f-a2a2ea87380e,MIL,OKC,"Prince, Taurean","Lillard, Damian","Dort, Luguentz",null,66089,66124,1,586.91,585.51,9:46,9:45,12.58,-8.82,31.29,-15.56,16.8,middle three,ATB,1,1,1,1,0,1,53.53661925,27.49316279,jumper,catchAndShootRelocating,1,0,1,1,0,0,0,heavily_contested,0,6.29,1.12,18.71173788,0.925150138,-10.94657186,0.538648778,-0.00665104,48.61112917,normal_make
3fdec19b-30fb-5a46-8ca8-836e41f414b2,1c456f8a-8003-51a7-8111-7228ca1c963f,4c1578de-6104-5e50-bf32-489f5caa0fec,OKC,MIL,"Gilgeous-Alexander, Shai","Williams, Kenrich","Jackson Jr., Andre",null,86256,86281,1,280.8,279.8,4:40,4:39,16.35,-3.32,21.58,1.74,94.89,middle two,Mid,1,0,0,0,0,0,53.20903659,16.66407213,jumper,stepback,0,9,0,0,0,0,0,heavily_contested,0,4.871550061,7.72,11.49199448,1.483707818,-139.6492211,0.077694697,0.411208226,43.40420789,inside_rim_miss
14e7be05-94bd-57a3-aa61-9ff1dc7986c7,ac3d70bb-6de2-50bb-b8d4-c813bb4e92bf,3cf2bed0-93b9-5647-9185-fa1455a4bebc,OKC,MIL,"Joe, Isaiah","Williams, Jalen","Lillard, Damian",null,239271,239307,4,520.29,518.85,8:40,8:38,10.37,18.35,28.45,11.48,4.84,left wing three,ATB,1,0,1,0,0,1,41.45519435,29.57976504,jumper,shakeAndRaise,0,1,0,0,0,0,0,heavily_contested,0,4.24802307,4.08,-38.34217387,0.253448439,47.80449608,-0.409814561,-0.059761097,49.70752906,outside_rim_miss
449ecd38-8903-57b4-aae4-3923de97aa8e,cda2a7cc-134e-5ec5-8a09-544becff1705,7748dff4-a547-575d-acec-9b6bfac0a701,MIL,OKC,"Lopez, Brook","Lillard, Damian","Joe, Isaiah",null,63458,63485,1,692.14,691.06,11:32,11:31,11.48,-0.32,24.71,17.04,15.56,middle two,Mid,1,0,0,0,0,0,36.06432676,19.46263086,jumper,shakeAndRaise,1,0,0,1,0,0,0,lightly_contested,1,1.867618805,1.72,0.942086183,0.548039435,-172.1959239,-0.312108549,0.223490966,44.50415025,outside_rim_miss
227d5e7e-0295-5af9-9997-6e421f9544a0,87c598b5-5e88-54fe-8f6f-15c122b8b1c7,6ac67d0b-6f0a-5e4c-9e90-d217828480f5,MIL,OKC,"Prince, Taurean","Antetokounmpo, Giannis","Caruso, Alex",null,134075,134105,2,284.1,282.9,4:44,4:42,3.02,23.26,4.48,6,22.55,left corner three,Corner,1,0,1,0,0,1,54.35619056,23.27274157,jumper,catchAndShoot,1,0,0,1,0,0,0,heavily_contested,0,6.634606243,0.76,-91.89602945,0.418744818,-93.81456369,-0.135439939,-0.624824012,45.18598026,inside_rim_miss
227d5e7e-0295-5af9-9997-6e421f9544a0,512c27c5-2bfd-5f8a-aed3-a39a0077d11c,eab8ddef-80c2-50ae-810d-3a797a5aa808,MIL,OKC,"Antetokounmpo, Giannis","Prince, Taurean","Hartenstein, Isaiah",null,133648,133675,2,301.18,300.1,5:01,5:00,15.5,10.33,23.64,12.24,62.54,left wing two,Mid,1,0,0,0,0,0,31.99968934,21.09267645,jumper,stepback,0,6,0,0,0,0,0,heavily_contested,0,4.87312015,7,-29.32372026,1.0316182,165.9602973,-1.112009644,0.181915991,43.81808266,airball
0eea65e3-29bc-5586-8d19-12d2dfc270f2,fe9b1ed2-c7c0-53e9-8462-fb8bb3ac6867,3f83cc73-5100-5e41-a7b0-b16241940bff,OKC,MIL,"Joe, Isaiah","Hartenstein, Isaiah","Prince, Taurean",null,73381,73409,1,453.15,452.03,7:33,7:32,9.92,-2.96,24.19,5.99,28.47,middle two,Mid,1,1,0,0,0,0,48.01389575,19.16990349,jumper,stepback,0,2,0,0,0,0,0,uncontested,0,9.588018565,3.96,8.882504782,0.294627826,179.2475976,0.42358509,0.122724275,45.60280786,normal_make
0edbc496-1598-5bed-ae1d-1fdef6c93bf6,b04dbf1c-ed79-5bf7-ab4c-d2b397fecb59,1454c2cb-07f5-5934-8030-c8decd7bacb3,OKC,MIL,"Mitchell, Ajay",null,"Lillard, Damian",null,115969,115975,2,559.98,559.74,9:19,9:19,19.95,9.43,7.45,null,null,left corner two,Mid,0,0,0,0,1,0,14.71651793,9.683227768,layup,drivingLayup,0,6,0,0,0,0,0,heavily_contested,0,3.55123922,4.96,-76.86789844,10.93938476,49.42444587,null,null,null,null
edca3cb0-5942-527a-aac3-c97c7afee60c,04f29526-97b8-59fd-9c7b-f891dc104a0f,afaca380-b025-5d0f-9e2e-b17cc072f2ae,OKC,MIL,"Dort, Luguentz","Hartenstein, Isaiah","Lillard, Damian",null,199591,199627,3,390.35,388.91,6:30,6:28,13.67,-13.95,27.22,-2.09,30.87,right wing three,ATB,1,0,1,0,0,1,57.82049596,26.02466907,jumper,catchAndShoot,1,0,0,1,0,0,0,heavily_contested,0,5.187725899,0.84,32.41378171,0.428984589,28.53161419,0.150327764,0.808942661,52.73636841,outside_rim_miss
64c20a26-a697-544a-97ad-fc7098c5bb6f,3d57b64e-3019-5c8c-a2b4-a58ea7014c22,bdb9bb3a-a280-5807-950d-fe2a66de297d,OKC,MIL,"Gilgeous-Alexander, Shai","Caruso, Alex","Lopez, Brook",null,251403,251429,4,329.91,328.87,5:29,5:28,15.53,12.55,8.18,-9.53,94.55,left corner two,Mid,1,1,0,0,0,0,30.79635501,12.88749006,jumper,stepback,0,8,0,0,1,0,0,heavily_contested,0,4.940222667,8.64,-76.85876178,6.994293309,131.5591537,-0.14992504,-0.307154717,56.3971977,swish
72843b4d-cbbd-549f-a967-3007d6ef728e,a658bd50-bf68-58a4-bf76-395e5889deb8,04c3597d-5dcb-5ad6-b0c7-6b73477d46bb,OKC,MIL,"Gilgeous-Alexander, Shai",null,"Portis, Bobby",null,95716,95737,1,152.23,151.39,2:32,2:31,17.73,0.77,15.64,null,null,key,NRA,1,0,0,0,0,0,43.18203926,10.41849317,floater,drivingFloater,0,7,0,0,1,0,0,lightly_contested,0,3.143405796,6.64,-4.23842606,9.663792676,-53.44195743,0.527160284,0.370499317,50.21364958,inside_rim_miss
f208c037-32fc-51a2-8ac8-aa55e6969b0f,a7c9c077-2f82-560b-8a19-fc3cfbb97f3d,fde9caf1-6552-55ca-9a64-d6c1029661ac,OKC,MIL,"Williams, Jalen",null,"Lopez, Brook",null,114080,114090,2,611.88,611.48,10:11,10:11,21.1,-1.89,6.46,null,null,ra,RA,1,1,0,0,0,0,82.26026297,2.244147945,layup,drivingLayup,0,5,0,0,1,0,0,uncontested,0,4.62126606,4.4,57.37215525,18.3394876,-67.71193107,null,null,null,null
e45f6b8f-a628-54e2-9f63-76bb2e1072e2,b0c05f8d-087d-5d27-beab-20e8ee0c558f,8fd4ac14-9d08-5dda-b626-a500d86a2df7,OKC,MIL,"Gilgeous-Alexander, Shai","Hartenstein, Isaiah","Jackson Jr., Andre",null,137847,137869,2,235.84,234.96,3:55,3:54,13.89,-14.09,4.73,-16.27,17.28,right corner two,Mid,1,0,0,0,0,0,39.45599794,14.09959219,jumper,stepback,0,2,0,0,0,0,0,lightly_contested,0,5.156006206,1.36,92.11357628,3.913118961,-118.6786275,0.889236521,0.464907727,43.12377446,outside_rim_miss
d6ccd5ef-a437-527c-95b6-787d5e440464,05d6f89a-fc01-57da-a05f-f0597a8ed68b,c2c650a0-8817-5ad9-9f3c-088feeb8f627,OKC,MIL,"Williams, Jalen","Dort, Luguentz","Lillard, Damian",null,70404,70411,1,499.51,499.23,8:19,8:19,17.81,1.83,5.24,-3.6,95.51,ra,RA,1,1,0,0,0,0,39.41467702,1.830027322,layup,drivingLayup,0,7,0,0,1,0,0,heavily_contested,0,0.809938269,6.52,-90.31308858,7.722846697,-16.9487318,null,null,null,null
7f05b84d-92cd-5c55-88e2-f7d04d620448,46a12e1a-7407-5184-9c4a-fba1b850ab75,a920eb40-e8cc-5913-ade0-92e08db8c4a4,MIL,OKC,"Lopez, Brook","Antetokounmpo, Giannis","Hartenstein, Isaiah",null,67342,67375,1,555.07,553.75,9:15,9:13,7.74,21.81,21.21,5.69,13.46,left wing three,ATB,1,0,1,0,0,1,50.19285232,27.02587094,jumper,catchAndShootRelocating,1,0,0,1,1,0,0,lightly_contested,0,5.474751136,0.88,-53.80428889,0.475073094,-141.4508298,1.030870484,0.192336532,45.7839193,outside_rim_miss
bd2ddb24-17ac-54b7-9c34-535524a70f23,3de45489-480e-5495-834f-a490e017093e,c72133af-db57-534d-bf66-39b35aacda4b,MIL,OKC,"Portis, Bobby","Lillard, Damian","Williams, Kenrich",null,87536,87560,1,229.6,228.64,3:49,3:48,3.75,-14.2,2.63,-11.5,31.33,right corner two,Mid,1,0,0,0,0,0,28.81433666,14.43968144,jumper,pullupJumper,0,2,0,0,0,0,0,heavily_contested,0,2.406698984,6.52,100.453906,2.407309471,-76.99488193,0.360995798,-0.370169038,47.80601914,inside_rim_miss
80cbd6ac-14d8-5340-8a54-b9c88bf73720,5661fc85-2c8d-5dba-b0f5-b1f43ccf355e,75ce39b7-e554-55be-9586-d27687cba72f,MIL,OKC,"Antetokounmpo, Giannis","Jackson Jr., Andre","Mitchell, Ajay",null,133063,133072,2,324.58,324.22,5:24,5:24,10.53,-1.93,9.64,-17.84,27.01,key,NRA,1,1,0,0,0,0,66.57758951,4.795518742,post,postLeft,0,3,0,0,1,0,0,heavily_contested,0,1.974968354,6.12,23.73199693,2.651650429,-15.60189457,null,null,null,null
3c6ecd49-4af2-58b1-8aa2-81aa3aff8ef6,76be3f0d-900c-5c3c-b444-fb5d16e26cdd,9b72b349-e6ca-57ff-91d3-3a09bff3d19a,OKC,MIL,"Gilgeous-Alexander, Shai","Caruso, Alex","Trent Jr., Gary",null,223297,223327,3,1.3,0.1,0:01,0:00,0,9.81,35.36,-21.74,87.38,middle three,ATB,1,0,1,0,0,1,30.29704615,31.66777858,heave,heave,0,6,0,0,0,0,0,lightly_contested,0,6.663640146,5.68,-18.0458882,7.044008486,7.134759811,1.185719727,-0.482363671,37.22719033,outside_rim_miss
b79a6f70-62bd-59b9-837c-b40d20b20b14,0168d559-5832-519a-8cec-89387b6b1d5d,b6cab8ee-6a1f-5bc9-9f27-0844b98b4f71,OKC,MIL,"Joe, Isaiah","Hartenstein, Isaiah","Connaughton, Pat",null,141665,141700,2,162.52,161.12,2:42,2:41,13.04,17.91,24.54,0.66,31.08,left wing three,ATB,1,0,1,0,0,1,46.78150266,26.32246569,jumper,stepback,0,2,0,0,0,0,0,lightly_contested,0,6.265029928,2.76,-42.87548561,2.454092387,173.0547195,0.077640593,-0.881840026,48.90604642,outside_rim_miss
8dfefc84-d6ea-5332-a8cd-9ab9d133d61e,325a0143-da73-57ef-9631-1d71bc52ee1a,9bab9ae7-a462-5fe7-bcd6-ec10f5e894e4,OKC,MIL,"Williams, Jalen","Dort, Luguentz","Prince, Taurean",null,180025,180055,3,666.82,665.62,11:06,11:05,8.65,-7.68,31.68,8.28,11.86,middle three,ATB,1,1,1,1,0,1,58.50948393,27.52321384,jumper,catchAndShoot,1,0,1,1,0,0,0,lightly_contested,0,6.583676784,0.76,16.20274907,1.176299518,6.729351366,0.392694756,-0.144730563,40.07249972,swish
63e66aab-daa2-5f57-9b9f-1ce388951316,5d46cc8b-1424-551a-a09d-cc42d978a310,f46ce1a2-e4e4-5e0f-bdc7-405280ead2ab,OKC,MIL,"Hartenstein, Isaiah","Gilgeous-Alexander, Shai","Lillard, Damian",null,199029,199055,3,412.84,411.8,6:52,6:51,13.2,-3.13,17.53,9.78,21.35,key,NRA,1,0,0,0,0,0,62.66806722,12.67262009,floater,cutFloater,1,0,0,1,1,0,0,lightly_contested,0,4.802520172,0.8,14.2994184,3.304563343,-28.16044597,-0.567595168,-0.205665608,56.28406616,outside_rim_miss
2468dd92-716e-5591-bb67-5e0661d8adf7,1eb26c5b-595e-5d97-ae92-321858ea0b03,4793dcab-3a18-509a-9cd8-5159ae14c654,OKC,MIL,"Mitchell, Ajay","Hartenstein, Isaiah","Lopez, Brook",null,132321,132335,2,340.25,339.69,5:40,5:39,8.15,5.05,8.3,-14.18,20.75,key,NRA,1,0,0,0,0,0,41.63355529,5.899576256,layup,drivingLayup,0,2,0,0,1,0,0,heavily_contested,0,4.183993308,2.72,-58.86968644,14.72537964,69.79807663,null,null,null,null
0f9fd5c0-e149-55b2-89c7-adea99aa7238,21a98465-3e76-552d-986e-03564e0d97e5,7ccce903-1493-54a5-b6cb-b55f940bb5c7,MIL,OKC,"Trent Jr., Gary","Antetokounmpo, Giannis","Gilgeous-Alexander, Shai",null,247369,247405,4,440.71,439.27,7:20,7:19,4.14,-0.9,31.1,-9.33,32.1,middle three,ATB,1,0,1,0,0,1,43.65961701,25.86566257,jumper,stepback,0,2,0,0,0,0,0,heavily_contested,0,4.234808142,3.12,1.994018608,2.461509248,-89.08318078,1.451213333,0.149039599,48.77318993,outside_rim_miss
88f447c2-10af-5d0f-bb03-70b3b11fdfb5,10df3e6b-f89d-5943-b769-8c4983540f0e,05894c1a-44bb-5e9c-87ea-8b7e4907f28a,MIL,OKC,"Jackson Jr., Andre","Connaughton, Pat","Gilgeous-Alexander, Shai",null,142002,142010,2,149.04,148.72,2:29,2:28,13.27,-1.19,6.85,-12.67,5.11,ra,RA,1,1,0,0,0,0,95.48565745,1.994016048,layup,standstillLayup,1,0,1,1,1,0,0,uncontested,0,5.671269699,1.12,36.64002614,5.00849972,-33.3015556,null,null,null,null
c5a83506-f5e1-5b41-b7ef-c2feadbc39ed,b62af4b5-ea48-5c1d-b4f0-783f507a32f6,fb578444-e1d6-58a4-89f1-51bc0f96f4d8,MIL,OKC,"Green, AJ","Connaughton, Pat","Caruso, Alex",null,216590,216624,3,142.87,141.51,2:22,2:21,10.72,-16.93,27.64,-20.81,0.53,right wing three,ATB,1,0,1,0,0,1,43.56750995,28.07021553,jumper,catchAndShoot,1,0,0,1,0,0,0,heavily_contested,0,4.674719243,1,37.09442574,0.530330086,-82.09442574,-0.237248686,0.024609754,45.46809283,inside_rim_miss
2de2715e-ba1a-5acc-87b8-246e80ee857f,458158ec-358a-560a-92f1-3973068b332f,7dd6f9bb-7b02-5bda-8e5d-5fde24dc16c3,MIL,OKC,"Lopez, Brook","Lillard, Damian","Williams, Kenrich",null,81542,81574,1,361.95,360.67,6:01,6:00,3.15,-24.06,3.81,7.69,10.61,right corner three,Corner,1,1,1,1,0,1,58.19972456,24.10305375,jumper,catchAndShoot,1,0,1,1,1,0,0,lightly_contested,0,7.326069888,1,93.4250881,0.713218449,-176.7152513,0.354874447,0.144940413,47.61889731,swish
a3fb2908-7f5c-55c9-b97c-1de8b926f3d3,aa6ec0d8-76ca-531b-858d-46a72aa607c1,53b1766e-b577-5c9e-a632-4f9cfc9d8e2d,MIL,OKC,"Lopez, Brook","Antetokounmpo, Giannis","Caruso, Alex",null,149628,149635,2,110.17,109.89,1:50,1:49,7.52,-2.31,7.45,10.02,8.08,ra,RA,1,1,0,0,0,0,77.03089118,3.19,layup,standstillLayup,1,0,1,1,1,0,0,lightly_contested,0,2.950610106,0.32,46.39718103,2.726541358,4.806266874,null,null,null,null
7fdc3b26-646b-5900-a785-790242f32803,019646b6-3bfc-5e33-b727-2c02b66d92c5,d149b3bc-8b53-52c5-872b-647a003056bc,MIL,OKC,"Antetokounmpo, Giannis","Prince, Taurean","Joe, Isaiah","Williams, Jalen",189178,189179,3,562.76,562.72,9:22,9:22,5.88,1.9,8.55,21.14,15.36,ra,RA,1,0,0,0,0,0,64.84513283,3.807886553,layup,standstillLayup,0,1,0,0,1,0,1,heavily_contested,0,2.688884527,5,-29.93151184,4.759858191,-36.86989765,null,null,null,null
133ec704-df9f-514e-86d1-9328e8c28ed5,74961d50-a88d-5b2d-b5c7-3fec44b2f5fe,b7af6c53-8ead-5f78-852a-94e727ab5bbb,MIL,OKC,"Antetokounmpo, Giannis",null,"Williams, Jalen",null,182335,182349,3,596.21,595.65,9:56,9:55,15.81,-2.5,9.38,null,null,key,NRA,1,1,0,0,0,0,41.99839532,4.82772203,layup,drivingLayup,0,8,0,0,1,0,0,heavily_contested,0,2.171474154,8.96,31.18764654,7.823797387,2.079269306,null,null,null,null
4eb4430c-7f27-5cb0-b9ac-bd056a5d9d1f,f619dd61-ee38-5c96-8179-a409729c4af8,6ecab1e4-d61d-5c5e-a06f-af84bbbb5fdc,MIL,OKC,"Lillard, Damian","Antetokounmpo, Giannis","Joe, Isaiah",null,179520,179553,3,687.02,685.7,11:27,11:25,20.62,21.66,22.98,0.61,56.13,left wing three,ATB,1,1,1,1,0,1,44.78732497,27.99122184,jumper,catchAndShootRelocating,1,0,1,1,0,0,0,lightly_contested,0,4.214451329,0.92,-50.69763127,2.81674063,58.34828222,0.223926136,-0.03432452,43.71801965,swish
2b09c12b-0890-5ce3-ba0f-6dbd6dee34e3,2b14cdcd-0d0a-5056-99f3-72df69f5af65,eed18c16-ade3-5adc-a587-3b520abb4d9f,OKC,MIL,"Gilgeous-Alexander, Shai","Hartenstein, Isaiah","Lopez, Brook",null,63747,63771,1,680.58,679.62,11:20,11:19,14.78,1.95,22.78,7.8,87.81,middle two,Mid,1,1,0,0,0,0,43.6489135,17.63812348,jumper,pullupJumper,0,9,0,0,0,0,0,heavily_contested,0,5.553890528,8.56,-6.347366274,1.885618083,-38.65263373,0.117902565,0.356845081,40.80447203,swish
2afb7c30-83e7-511f-853d-03b8e7070449,58f0c3b0-5fe8-5ce6-bde2-fa9948e7becd,2b8d4113-3d3d-595b-a861-1191d7d74abe,MIL,OKC,"Green, AJ","Trent Jr., Gary","Joe, Isaiah",null,115796,115827,2,566.9,565.66,9:26,9:25,17.73,22.63,4.47,21.24,21.81,left corner three,Corner,1,0,1,0,0,1,67.7116558,22.64343834,jumper,catchAndShoot,1,0,0,1,0,0,0,lightly_contested,0,11.80163124,0.8,-91.974062,0.522081837,-26.63639767,0.005233872,-0.791448082,44.45727089,inside_rim_miss
97afec96-76a1-5732-a4bc-c70ba328d501,89393a8e-f77a-5b3d-989d-b9917fae1b26,31ba534b-153b-5a6c-aac0-8435a194b979,OKC,MIL,"Williams, Jalen","Joe, Isaiah","Lopez, Brook",null,193224,193244,3,534.29,533.49,8:54,8:53,13.82,-4.05,13.57,-9.2,95.15,key,NRA,1,0,0,0,0,0,38.56806457,9.253372358,floater,drivingFloater,0,13,0,0,1,0,0,lightly_contested,0,4.596661832,11.44,25.95583917,3.52101824,-136.7499541,-0.113088531,-0.571290379,48.41003369,outside_rim_miss
662b1800-3156-50f9-8131-57030b91d997,f4b8d3f5-ec83-5372-827f-d2f3881279c1,afcd7810-d65a-5818-be82-ae14c23e267d,OKC,MIL,"Gilgeous-Alexander, Shai","Williams, Jalen","Jackson Jr., Andre",null,197485,197500,3,450.77,450.17,7:30,7:30,16.75,4.1,7.03,-7.39,90.35,key,NRA,1,1,0,0,0,0,69.0115869,4.469720349,layup,drivingLayup,0,7,0,0,1,0,0,heavily_contested,0,2.643066401,6.88,-66.53210111,4.667038676,46.15566589,null,null,null,null
4681244e-5d6a-5b76-9b6d-273ec4aa5b91,9a28a397-d7c2-5d6a-b46e-e535821d6478,9c90d337-8311-5312-8760-9d2f371e80db,MIL,OKC,"Portis, Bobby","Lillard, Damian","Dort, Luguentz",null,230133,230162,4,667.23,666.07,11:07,11:06,14.98,-20.36,8.82,-18.2,35.39,right corner two,Mid,1,0,0,0,0,0,29.98697758,20.67061925,jumper,shakeAndRaise,1,0,0,1,0,0,0,heavily_contested,0,3.16332104,2.4,80.05464202,1.642005041,154.2386666,1.233791761,-0.437092589,46.04596783,airball
f9786eb7-5b34-5daa-9b68-770492c3d4e6,b07a8fa8-8649-5e71-a43c-1ce97d0b819d,8a90ec08-3c00-5281-8e1b-36c2d3c28f39,MIL,OKC,"Trent Jr., Gary","Lillard, Damian","Mitchell, Ajay",null,238811,238838,4,538.69,537.61,8:58,8:57,7.46,-12.11,18.4,5.46,35.72,right wing two,Mid,1,1,0,0,0,0,37.11955547,17.87664957,jumper,stepback,0,4,0,0,0,0,0,heavily_contested,0,4.294007452,2.64,42.64236043,1.958776546,161.1963798,0.145519991,0.274991156,47.23819436,swish
8b6d7836-7f33-5b91-86e1-ba93f3132ff8,1f357792-dd0e-5748-aa24-bfa64c60b3a2,555a3bdb-cf17-54e0-aec4-0553e391a34c,MIL,OKC,"Antetokounmpo, Giannis",null,"Hartenstein, Isaiah",null,198058,198064,3,427.85,427.61,7:07,7:07,6.32,0.57,7.02,null,null,ra,RA,1,1,0,0,0,0,72.61765003,1.859516066,layup,tip,1,0,0,0,1,1,0,uncontested,0,3.875525771,0.08,-17.8503183,0.791666667,17.8503183,null,null,null,null
8b6d7836-7f33-5b91-86e1-ba93f3132ff8,b6fa7ae7-62c5-53fd-af74-6442fcdf3c64,5f08ffab-db11-5577-8dde-cb9c82436f68,MIL,OKC,"Antetokounmpo, Giannis",null,"Hartenstein, Isaiah",null,198048,198055,3,428.25,427.97,7:08,7:07,6.72,0.51,6.7,null,null,ra,RA,1,0,0,0,0,0,67.39114523,1.537075145,layup,tip,1,0,0,0,1,1,0,uncontested,0,5.826731502,0.4,-19.37800406,0.925150138,-152.8568299,null,null,null,null
8b6d7836-7f33-5b91-86e1-ba93f3132ff8,b7d55b89-0bac-5317-adc0-8901c06756cd,7d094dcd-9dc7-5443-9fcd-6146321ad453,MIL,OKC,"Antetokounmpo, Giannis","Prince, Taurean","Hartenstein, Isaiah","Dort, Luguentz",198034,198035,3,428.81,428.77,7:08,7:08,7.28,1.53,6.72,13.01,23.45,ra,RA,1,0,0,0,0,0,86.43858433,2.121744565,layup,cutLayup,0,1,0,1,1,0,1,lightly_contested,0,4.841539012,2.08,-46.14576284,2.42706098,-78.36276015,null,null,null,null
58573808-efd9-520b-8260-17a0a9978b9b,bdadff4a-7e7f-504f-b153-27af51b28df7,d0b7889c-1bbc-5fa1-b977-edf8dd49dd2e,OKC,MIL,"Williams, Jalen","Dort, Luguentz","Trent Jr., Gary",null,124763,124787,2,394.42,393.46,6:34,6:33,17.95,5.4,12.48,5.19,76.23,key,NRA,1,1,0,0,0,0,33.79222453,9.024017952,floater,drivingFloater,0,5,0,0,1,0,0,heavily_contested,0,5.336037856,4.64,-36.755611,4.237932213,133.5312672,0.187918132,0.1582737,49.50223028,swish
4549513b-f40b-5673-93c3-53d6154e3a1e,04a34411-8dfe-546d-88c8-fa37813b7f48,99424c2e-d03e-5d2e-a391-951f5798d05d,OKC,MIL,"Hartenstein, Isaiah","Gilgeous-Alexander, Shai","Lopez, Brook",null,79781,79808,1,413.76,412.68,6:53,6:52,13.44,-0.55,17.56,-17.54,10.11,key,NRA,1,1,0,0,0,0,50.66204667,12.32228063,floater,cutFloater,1,0,1,1,1,0,0,heavily_contested,0,3.990012531,0.64,2.558223804,2.7443123,-32.62680663,-0.07263672,-0.074218007,57.77458869,swish
10f2be3d-ca5c-52a6-8549-4c0e969d2d1a,6c03b536-73d7-5762-934d-f79477ea5039,fb3d2517-7f6f-54b8-8e08-af085e4af7a3,OKC,MIL,"Hartenstein, Isaiah","Joe, Isaiah","Lopez, Brook",null,67829,67855,1,535.59,534.55,8:55,8:54,6.92,3.26,16.47,-7.6,19.85,key,NRA,1,1,0,0,0,0,46.05869651,11.68400616,floater,cutFloater,1,0,1,1,1,0,0,heavily_contested,0,4.748052232,0.76,-16.20135935,4.062873914,-9.312511073,0.126885933,-0.248823925,56.7405859,swish
077c8a6e-13c9-54f8-9566-6aca60c36065,aac0105d-ef26-5c5a-82e7-7c9ef9c79026,383039da-a48b-5054-a636-faacaa8f29c5,MIL,OKC,"Trent Jr., Gary","Antetokounmpo, Giannis","Mitchell, Ajay",null,266194,266224,4,109.07,107.87,1:49,1:47,19.55,-16.7,24.35,-3.59,57.94,right wing three,ATB,1,1,1,1,0,1,51.1860922,25.37124356,jumper,pullupJumper,0,1,1,1,0,0,0,lightly_contested,0,6.091518694,1.48,41.1646809,2.946278255,-12.42488561,0.493029133,0.136407043,42.82350131,normal_make
efaa4ebe-217c-5062-848a-faed08f75f9a,d9b52677-2495-5d93-8fa1-3da50f1abb26,b5cff3d0-6e80-5384-9c27-dc61ded154be,MIL,OKC,"Green, AJ","Connaughton, Pat","Hartenstein, Isaiah",null,97600,97635,1,95.51,94.11,1:35,1:34,2.01,-24.83,7.4,-7.25,25.86,right corner three,Corner,1,1,1,1,0,1,26.21765211,24.92290914,jumper,stepback,0,2,0,0,0,0,0,heavily_contested,0,4.652794859,6.08,85.0511705,4.709070739,-115.9279836,0.494720553,0.245738189,51.00278973,swish
efaa4ebe-217c-5062-848a-faed08f75f9a,885a4254-1a6f-5f02-9e59-2d1605cfcbc8,f430c7ae-805b-55a2-bbf7-77136964ec18,MIL,OKC,"Portis, Bobby","Connaughton, Pat","Wallace, Cason","Wallace, Cason",96921,96922,1,104.04,104,1:44,1:44,10.53,6.36,6.65,10.42,33.14,key,NRA,1,0,0,0,0,0,35.78814566,6.512265351,layup,drivingLayup,0,1,0,1,1,0,1,lightly_contested,0,1.431782106,1.24,-77.58570735,9.215965917,-10.08226896,null,null,null,null
b6e428e8-ebb2-5589-8f67-1c856310cfb5,a1b63ec3-30e4-5312-a116-b82f604066ea,2c7abdcb-60d8-5dc2-9255-d3ec6458388f,MIL,OKC,"Lopez, Brook","Lillard, Damian","Wallace, Cason",null,118468,118497,2,526.19,525.03,8:46,8:45,10.11,-0.04,21.46,-13.23,36.21,middle two,Mid,1,0,0,0,0,0,49.08777177,16.21004935,post,postRight,1,0,0,1,1,0,0,heavily_contested,0,4.780847205,1.56,0.1413835,3.041666667,179.8586165,0.740144374,0.157132026,51.13197533,inside_rim_miss
b316e4d8-408f-55f8-9dd3-95ff80833fba,f6950876-9d21-5f03-a613-ca157413c192,dd441932-2f3c-5b93-87c3-dcf7a91e2681,MIL,OKC,"Johnson, AJ","Livingston, Chris","Wiggins, Aaron",null,269724,269737,4,63.12,62.6,1:03,1:02,4.89,-5.66,5.16,-7.13,79.49,key,NRA,1,0,0,0,0,0,55.22996783,5.660715503,layup,drivingLayup,0,20,0,0,1,0,0,heavily_contested,0,2.933070064,18.44,90.91098686,12.94573342,-77.32200815,null,null,null,null
